sample	library	run	r1_file	r2_file	reads_raw_r1	reads_raw_r2	reads_primers_fwd	reads_primers_rvs	reads_filtered_fwd	reads_filtered_rvs	reads_tabled	reads_chimera_checked	reads_tax.length_filtered
COM-1-A	COM-1-A	2	COM-1-A_S172_L001_R1_001.fastq.gz	COM-1-A_S172_L001_R2_001.fastq.gz	37960	37960	37311	37311	37256	37256	35503	29885	29885
COM-1-B	COM-1-B	2	COM-1-B_S183_L001_R1_001.fastq.gz	COM-1-B_S183_L001_R2_001.fastq.gz	63023	63023	61909	61909	61830	61830	58480	48962	48951
COM-1-C	COM-1-C	2	COM-1-C_S194_L001_R1_001.fastq.gz	COM-1-C_S194_L001_R2_001.fastq.gz	45074	45074	44270	44270	44211	44211	42058	35160	35160
COM-10-A	COM-10-A	2	COM-10-A_S181_L001_R1_001.fastq.gz	COM-10-A_S181_L001_R2_001.fastq.gz	68086	68086	66917	66917	66806	66806	65004	57341	57326
COM-10-B	COM-10-B	2	COM-10-B_S192_L001_R1_001.fastq.gz	COM-10-B_S192_L001_R2_001.fastq.gz	54673	54673	53736	53736	53627	53627	52102	45366	45356
COM-10-C	COM-10-C	2	COM-10-C_S203_L001_R1_001.fastq.gz	COM-10-C_S203_L001_R2_001.fastq.gz	57882	57882	56955	56955	56864	56864	55318	48769	48731
COM-2-A	COM-2-A	2	COM-2-A_S173_L001_R1_001.fastq.gz	COM-2-A_S173_L001_R2_001.fastq.gz	57414	57414	56359	56359	56227	56227	53050	47621	47613
COM-2-B	COM-2-B	2	COM-2-B_S184_L001_R1_001.fastq.gz	COM-2-B_S184_L001_R2_001.fastq.gz	62638	62638	61494	61494	61388	61388	59584	53633	53633
COM-2-C	COM-2-C	2	COM-2-C_S195_L001_R1_001.fastq.gz	COM-2-C_S195_L001_R2_001.fastq.gz	67676	67676	66502	66502	66318	66318	63271	57122	57101
COM-3-A	COM-3-A	2	COM-3-A_S174_L001_R1_001.fastq.gz	COM-3-A_S174_L001_R2_001.fastq.gz	47880	47880	47021	47021	46844	46844	44645	39952	39950
COM-3-B	COM-3-B	2	COM-3-B_S185_L001_R1_001.fastq.gz	COM-3-B_S185_L001_R2_001.fastq.gz	59821	59821	58756	58756	58523	58523	55837	49875	49858
COM-3-C	COM-3-C	2	COM-3-C_S196_L001_R1_001.fastq.gz	COM-3-C_S196_L001_R2_001.fastq.gz	49621	49621	48775	48775	48572	48572	46400	41178	41178
COM-4-A	COM-4-A	2	COM-4-A_S175_L001_R1_001.fastq.gz	COM-4-A_S175_L001_R2_001.fastq.gz	54462	54462	53482	53482	53389	53389	52356	48814	48810
COM-4-B	COM-4-B	2	COM-4-B_S186_L001_R1_001.fastq.gz	COM-4-B_S186_L001_R2_001.fastq.gz	50223	50223	49327	49327	49223	49223	48048	44467	44467
COM-4-C	COM-4-C	2	COM-4-C_S197_L001_R1_001.fastq.gz	COM-4-C_S197_L001_R2_001.fastq.gz	61715	61715	60716	60716	60580	60580	58901	54503	54478
COM-5-A	COM-5-A	2	COM-5-A_S176_L001_R1_001.fastq.gz	COM-5-A_S176_L001_R2_001.fastq.gz	66247	66247	65103	65103	65045	65045	63199	53302	53291
COM-5-B	COM-5-B	2	COM-5-B_S187_L001_R1_001.fastq.gz	COM-5-B_S187_L001_R2_001.fastq.gz	5856	5856	5772	5772	5767	5767	5482	4773	4773
COM-5-C	COM-5-C	2	COM-5-C_S198_L001_R1_001.fastq.gz	COM-5-C_S198_L001_R2_001.fastq.gz	68704	68704	67490	67490	67365	67365	64780	54603	54603
COM-6-A	COM-6-A	2	COM-6-A_S177_L001_R1_001.fastq.gz	COM-6-A_S177_L001_R2_001.fastq.gz	43256	43256	42502	42502	42453	42453	41395	35858	35845
COM-6-B	COM-6-B	2	COM-6-B_S188_L001_R1_001.fastq.gz	COM-6-B_S188_L001_R2_001.fastq.gz	61365	61365	60249	60249	60190	60190	58568	51147	51147
COM-6-C	COM-6-C	2	COM-6-C_S199_L001_R1_001.fastq.gz	COM-6-C_S199_L001_R2_001.fastq.gz	47188	47188	46383	46383	46326	46326	44921	39494	39473
COM-7-A	COM-7-A	2	COM-7-A_S178_L001_R1_001.fastq.gz	COM-7-A_S178_L001_R2_001.fastq.gz	73580	73580	72344	72344	72252	72252	70238	60377	60373
COM-7-B	COM-7-B	2	COM-7-B_S189_L001_R1_001.fastq.gz	COM-7-B_S189_L001_R2_001.fastq.gz	46169	46169	45336	45336	45278	45278	43583	37166	37162
COM-7-C	COM-7-C	2	COM-7-C_S200_L001_R1_001.fastq.gz	COM-7-C_S200_L001_R2_001.fastq.gz	37784	37784	37137	37137	37091	37091	35871	30095	30095
COM-8-A	COM-8-A	2	COM-8-A_S179_L001_R1_001.fastq.gz	COM-8-A_S179_L001_R2_001.fastq.gz	65486	65486	63730	63730	63612	63612	60198	53182	53177
COM-8-B	COM-8-B	2	COM-8-B_S190_L001_R1_001.fastq.gz	COM-8-B_S190_L001_R2_001.fastq.gz	48772	48772	47898	47898	47801	47801	45995	40536	40527
COM-8-C	COM-8-C	2	COM-8-C_S201_L001_R1_001.fastq.gz	COM-8-C_S201_L001_R2_001.fastq.gz	65711	65711	64616	64616	64503	64503	61220	54455	54452
COM-9-A	COM-9-A	2	COM-9-A_S180_L001_R1_001.fastq.gz	COM-9-A_S180_L001_R2_001.fastq.gz	66662	66662	65528	65528	65447	65447	63109	51528	51523
COM-9-B	COM-9-B	2	COM-9-B_S191_L001_R1_001.fastq.gz	COM-9-B_S191_L001_R2_001.fastq.gz	75572	75572	74227	74227	74148	74148	71498	60866	60860
COM-9-C	COM-9-C	2	COM-9-C_S202_L001_R1_001.fastq.gz	COM-9-C_S202_L001_R2_001.fastq.gz	40889	40889	40193	40193	40130	40130	38219	32395	32395
COM11-A	COM11-A	3	COM11-A_S1_L001_R1_001.fastq.gz	COM11-A_S1_L001_R2_001.fastq.gz	12716	12716	11064	11064	9803	9803	8567	7775	7775
COM11-B	COM11-B	3	COM11-B_S5_L001_R1_001.fastq.gz	COM11-B_S5_L001_R2_001.fastq.gz	20143	20143	17150	17150	15257	15257	13159	11803	11803
COM11-C	COM11-C	3	COM11-C_S9_L001_R1_001.fastq.gz	COM11-C_S9_L001_R2_001.fastq.gz	14171	14171	12834	12834	11269	11269	9519	8567	8567
COM12-A	COM12-A	3	COM12-A_S2_L001_R1_001.fastq.gz	COM12-A_S2_L001_R2_001.fastq.gz	23559	23559	21141	21141	18226	18226	15243	13630	13630
COM12-B	COM12-B	3	COM12-B_S6_L001_R1_001.fastq.gz	COM12-B_S6_L001_R2_001.fastq.gz	16146	16146	14393	14393	12545	12545	10895	9763	9763
COM12-C	COM12-C	3	COM12-C_S10_L001_R1_001.fastq.gz	COM12-C_S10_L001_R2_001.fastq.gz	20130	20130	17866	17866	15435	15435	13259	11744	11744
COM13-A	COM13-A	3	COM13-A_S3_L001_R1_001.fastq.gz	COM13-A_S3_L001_R2_001.fastq.gz	17420	17420	15596	15596	13811	13811	11772	10575	10575
COM13-B	COM13-B	3	COM13-B_S7_L001_R1_001.fastq.gz	COM13-B_S7_L001_R2_001.fastq.gz	25685	25685	22851	22851	20238	20238	17627	16031	16031
COM13-C	COM13-C	3	COM13-C_S11_L001_R1_001.fastq.gz	COM13-C_S11_L001_R2_001.fastq.gz	22420	22420	20239	20239	17756	17756	15389	14241	14241
COMNC-A	COMNC-A	3	COMNC-A_S4_L001_R1_001.fastq.gz	COMNC-A_S4_L001_R2_001.fastq.gz	139	139	10	10	10	10	1	1	1
COMNC-B	COMNC-B	3	COMNC-B_S8_L001_R1_001.fastq.gz	COMNC-B_S8_L001_R2_001.fastq.gz	504	504	406	406	28	28	3	1	1
COMPC-C	COMPC-C	3	COMPC-C_S12_L001_R1_001.fastq.gz	COMPC-C_S12_L001_R2_001.fastq.gz	28871	28871	25518	25518	21761	21761	17733	17733	17733
e00289-A	e00289-A	1	e00289-A_S1_L001_R1_001.fastq.gz	e00289-A_S1_L001_R2_001.fastq.gz	14151	14151	14001	14001	641	641	2	2	2
e00289-B	e00289-B	1	e00289-B_S93_L001_R1_001.fastq.gz	e00289-B_S93_L001_R2_001.fastq.gz	11832	11832	11657	11657	6386	6386	4970	4963	4963
e00289-C	e00289-C	1	e00289-C_S185_L001_R1_001.fastq.gz	e00289-C_S185_L001_R2_001.fastq.gz	5436	5436	5386	5386	1639	1639	1257	1257	1245
e00290-A	e00290-A	1	e00290-A_S2_L001_R1_001.fastq.gz	e00290-A_S2_L001_R2_001.fastq.gz	15981	15981	15795	15795	521	521	11	11	11
e00290-B	e00290-B	1	e00290-B_S94_L001_R1_001.fastq.gz	e00290-B_S94_L001_R2_001.fastq.gz	6208	6208	6131	6131	490	490	17	17	17
e00290-C	e00290-C	1	e00290-C_S186_L001_R1_001.fastq.gz	e00290-C_S186_L001_R2_001.fastq.gz	9426	9426	9321	9321	299	299	27	27	27
e00291-A	e00291-A	1	e00291-A_S87_L001_R1_001.fastq.gz	e00291-A_S87_L001_R2_001.fastq.gz	3193	3193	3145	3145	3089	3089	2722	2683	2683
e00291-B	e00291-B	1	e00291-B_S179_L001_R1_001.fastq.gz	e00291-B_S179_L001_R2_001.fastq.gz	6674	6674	6590	6590	3899	3899	3214	3214	3214
e00291-C	e00291-C	1	e00291-C_S271_L001_R1_001.fastq.gz	e00291-C_S271_L001_R2_001.fastq.gz	18720	18720	18525	18525	12993	12993	9196	9182	9182
e00292-A	e00292-A	1	e00292-A_S4_L001_R1_001.fastq.gz	e00292-A_S4_L001_R2_001.fastq.gz	7189	7189	7081	7081	6963	6963	6883	6883	6883
e00292-B	e00292-B	1	e00292-B_S96_L001_R1_001.fastq.gz	e00292-B_S96_L001_R2_001.fastq.gz	5045	5045	4981	4981	1301	1301	1272	1270	1270
e00292-C	e00292-C	1	e00292-C_S188_L001_R1_001.fastq.gz	e00292-C_S188_L001_R2_001.fastq.gz	2142	2142	2092	2092	82	82	60	60	60
e00293-A	e00293-A	1	e00293-A_S5_L001_R1_001.fastq.gz	e00293-A_S5_L001_R2_001.fastq.gz	22728	22728	22494	22494	20313	20313	18262	18115	18114
e00293-B	e00293-B	1	e00293-B_S97_L001_R1_001.fastq.gz	e00293-B_S97_L001_R2_001.fastq.gz	22413	22413	22153	22153	20843	20843	18845	18556	18556
e00293-C	e00293-C	1	e00293-C_S189_L001_R1_001.fastq.gz	e00293-C_S189_L001_R2_001.fastq.gz	14140	14140	14008	14008	12535	12535	11454	11403	11403
e00294-A	e00294-A	1	e00294-A_S6_L001_R1_001.fastq.gz	e00294-A_S6_L001_R2_001.fastq.gz	21904	21904	21647	21647	16382	16382	14660	14526	14526
e00294-B	e00294-B	1	e00294-B_S98_L001_R1_001.fastq.gz	e00294-B_S98_L001_R2_001.fastq.gz	21917	21917	21617	21617	21351	21351	19093	18985	18985
e00294-C	e00294-C	1	e00294-C_S190_L001_R1_001.fastq.gz	e00294-C_S190_L001_R2_001.fastq.gz	8590	8590	8496	8496	8330	8330	7742	7633	7633
e00295-A	e00295-A	1	e00295-A_S7_L001_R1_001.fastq.gz	e00295-A_S7_L001_R2_001.fastq.gz	30086	30086	29682	29682	29533	29533	29404	29383	29383
e00295-B	e00295-B	1	e00295-B_S99_L001_R1_001.fastq.gz	e00295-B_S99_L001_R2_001.fastq.gz	18317	18317	18088	18088	18004	18004	17944	17934	17934
e00295-C	e00295-C	1	e00295-C_S191_L001_R1_001.fastq.gz	e00295-C_S191_L001_R2_001.fastq.gz	28536	28536	28161	28161	28001	28001	27829	27808	27808
e00296-A	e00296-A	1	e00296-A_S8_L001_R1_001.fastq.gz	e00296-A_S8_L001_R2_001.fastq.gz	18362	18362	18162	18162	156	156	14	14	14
e00296-B	e00296-B	1	e00296-B_S100_L001_R1_001.fastq.gz	e00296-B_S100_L001_R2_001.fastq.gz	18171	18171	17924	17924	15831	15831	15568	15514	15514
e00296-C	e00296-C	1	e00296-C_S192_L001_R1_001.fastq.gz	e00296-C_S192_L001_R2_001.fastq.gz	16843	16843	16676	16676	5255	5255	5015	4998	4998
e00297-A	e00297-A	1	e00297-A_S9_L001_R1_001.fastq.gz	e00297-A_S9_L001_R2_001.fastq.gz	22497	22497	22247	22247	21377	21377	20514	20191	20191
e00297-B	e00297-B	1	e00297-B_S101_L001_R1_001.fastq.gz	e00297-B_S101_L001_R2_001.fastq.gz	19993	19993	19781	19781	9411	9411	8007	7981	7981
e00297-C	e00297-C	1	e00297-C_S193_L001_R1_001.fastq.gz	e00297-C_S193_L001_R2_001.fastq.gz	22240	22240	21971	21971	21694	21694	20089	19725	19725
e00298-A	e00298-A	1	e00298-A_S10_L001_R1_001.fastq.gz	e00298-A_S10_L001_R2_001.fastq.gz	22387	22387	22135	22135	21738	21738	20472	19905	19905
e00298-B	e00298-B	1	e00298-B_S102_L001_R1_001.fastq.gz	e00298-B_S102_L001_R2_001.fastq.gz	20116	20116	19883	19883	18238	18238	16043	15828	15688
e00298-C	e00298-C	1	e00298-C_S194_L001_R1_001.fastq.gz	e00298-C_S194_L001_R2_001.fastq.gz	24370	24370	24100	24100	23321	23321	21356	21004	21004
e00299-A	e00299-A	1	e00299-A_S11_L001_R1_001.fastq.gz	e00299-A_S11_L001_R2_001.fastq.gz	35487	35487	35102	35102	25412	25412	24432	24078	24078
e00299-B	e00299-B	1	e00299-B_S103_L001_R1_001.fastq.gz	e00299-B_S103_L001_R2_001.fastq.gz	22041	22041	21757	21757	18352	18352	15580	15248	15248
e00299-C	e00299-C	1	e00299-C_S195_L001_R1_001.fastq.gz	e00299-C_S195_L001_R2_001.fastq.gz	16174	16174	15984	15984	12724	12724	11380	11257	11257
e00300-A	e00300-A	1	e00300-A_S12_L001_R1_001.fastq.gz	e00300-A_S12_L001_R2_001.fastq.gz	12675	12675	12526	12526	9624	9624	9384	9371	9371
e00300-B	e00300-B	1	e00300-B_S104_L001_R1_001.fastq.gz	e00300-B_S104_L001_R2_001.fastq.gz	19538	19538	19304	19304	16301	16301	15749	15677	15675
e00300-C	e00300-C	1	e00300-C_S196_L001_R1_001.fastq.gz	e00300-C_S196_L001_R2_001.fastq.gz	14296	14296	14123	14123	13485	13485	13167	13074	13074
e00301-A	e00301-A	1	e00301-A_S13_L001_R1_001.fastq.gz	e00301-A_S13_L001_R2_001.fastq.gz	32122	32122	31734	31734	31540	31540	31108	30322	30322
e00301-B	e00301-B	1	e00301-B_S105_L001_R1_001.fastq.gz	e00301-B_S105_L001_R2_001.fastq.gz	14472	14472	14282	14282	13000	13000	12471	12322	12322
e00301-C	e00301-C	1	e00301-C_S197_L001_R1_001.fastq.gz	e00301-C_S197_L001_R2_001.fastq.gz	16027	16027	15852	15852	15370	15370	14919	14696	14696
e00302-A	e00302-A	1	e00302-A_S14_L001_R1_001.fastq.gz	e00302-A_S14_L001_R2_001.fastq.gz	30803	30803	30436	30436	30166	30166	29285	28564	28564
e00302-B	e00302-B	1	e00302-B_S106_L001_R1_001.fastq.gz	e00302-B_S106_L001_R2_001.fastq.gz	16581	16581	16370	16370	14845	14845	14315	14231	14231
e00302-C	e00302-C	1	e00302-C_S198_L001_R1_001.fastq.gz	e00302-C_S198_L001_R2_001.fastq.gz	28015	28015	27670	27670	27382	27382	26146	25768	25768
e00303-A	e00303-A	1	e00303-A_S88_L001_R1_001.fastq.gz	e00303-A_S88_L001_R2_001.fastq.gz	4176	4176	4137	4137	3824	3824	3649	3590	3590
e00303-B	e00303-B	1	e00303-B_S180_L001_R1_001.fastq.gz	e00303-B_S180_L001_R2_001.fastq.gz	9508	9508	9394	9394	9274	9274	8626	8550	8548
e00303-C	e00303-C	1	e00303-C_S272_L001_R1_001.fastq.gz	e00303-C_S272_L001_R2_001.fastq.gz	17615	17615	17409	17409	16989	16989	15887	15776	15776
e00304-A	e00304-A	1	e00304-A_S16_L001_R1_001.fastq.gz	e00304-A_S16_L001_R2_001.fastq.gz	8505	8505	8419	8419	6138	6138	5904	5648	5648
e00304-B	e00304-B	1	e00304-B_S108_L001_R1_001.fastq.gz	e00304-B_S108_L001_R2_001.fastq.gz	3921	3921	3884	3884	2359	2359	2114	2114	2114
e00304-C	e00304-C	1	e00304-C_S200_L001_R1_001.fastq.gz	e00304-C_S200_L001_R2_001.fastq.gz	2755	2755	2710	2710	44	44	0	0	0
e00305-A	e00305-A	1	e00305-A_S17_L001_R1_001.fastq.gz	e00305-A_S17_L001_R2_001.fastq.gz	20370	20370	20158	20158	19993	19993	19299	19177	19177
e00305-B	e00305-B	1	e00305-B_S109_L001_R1_001.fastq.gz	e00305-B_S109_L001_R2_001.fastq.gz	21566	21566	21285	21285	16464	16464	10777	10757	10757
e00305-C	e00305-C	1	e00305-C_S201_L001_R1_001.fastq.gz	e00305-C_S201_L001_R2_001.fastq.gz	16129	16129	15927	15927	15752	15752	13839	13708	13708
e00306-A	e00306-A	1	e00306-A_S18_L001_R1_001.fastq.gz	e00306-A_S18_L001_R2_001.fastq.gz	24881	24881	24606	24606	23143	23143	22162	21811	21811
e00306-B	e00306-B	1	e00306-B_S110_L001_R1_001.fastq.gz	e00306-B_S110_L001_R2_001.fastq.gz	34762	34762	34373	34373	30326	30326	25078	24723	24723
e00306-C	e00306-C	1	e00306-C_S202_L001_R1_001.fastq.gz	e00306-C_S202_L001_R2_001.fastq.gz	21592	21592	21344	21344	20111	20111	18950	18783	18783
e00307-A	e00307-A	1	e00307-A_S19_L001_R1_001.fastq.gz	e00307-A_S19_L001_R2_001.fastq.gz	20379	20379	20142	20142	19933	19933	18879	18255	18255
e00307-B	e00307-B	1	e00307-B_S111_L001_R1_001.fastq.gz	e00307-B_S111_L001_R2_001.fastq.gz	33870	33870	33438	33438	29940	29940	25627	25297	25297
e00307-C	e00307-C	1	e00307-C_S203_L001_R1_001.fastq.gz	e00307-C_S203_L001_R2_001.fastq.gz	19256	19256	19038	19038	18741	18741	17895	17613	17613
e00308-A	e00308-A	1	e00308-A_S20_L001_R1_001.fastq.gz	e00308-A_S20_L001_R2_001.fastq.gz	22008	22008	21741	21741	7459	7459	7152	7152	7152
e00308-B	e00308-B	1	e00308-B_S112_L001_R1_001.fastq.gz	e00308-B_S112_L001_R2_001.fastq.gz	8710	8710	8585	8585	326	326	0	0	0
e00308-C	e00308-C	1	e00308-C_S204_L001_R1_001.fastq.gz	e00308-C_S204_L001_R2_001.fastq.gz	9557	9557	9425	9425	99	99	1	1	1
e00309-A	e00309-A	1	e00309-A_S21_L001_R1_001.fastq.gz	e00309-A_S21_L001_R2_001.fastq.gz	27422	27422	27129	27129	21932	21932	20562	20380	20380
e00309-B	e00309-B	1	e00309-B_S113_L001_R1_001.fastq.gz	e00309-B_S113_L001_R2_001.fastq.gz	41270	41270	40775	40775	32926	32926	30566	30179	30179
e00309-C	e00309-C	1	e00309-C_S205_L001_R1_001.fastq.gz	e00309-C_S205_L001_R2_001.fastq.gz	73	73	70	70	39	39	19	19	19
e00310-A	e00310-A	1	e00310-A_S22_L001_R1_001.fastq.gz	e00310-A_S22_L001_R2_001.fastq.gz	24975	24975	24732	24732	18437	18437	16166	16065	16065
e00310-B	e00310-B	1	e00310-B_S114_L001_R1_001.fastq.gz	e00310-B_S114_L001_R2_001.fastq.gz	33412	33412	33043	33043	26076	26076	22842	22627	22627
e00310-C	e00310-C	1	e00310-C_S206_L001_R1_001.fastq.gz	e00310-C_S206_L001_R2_001.fastq.gz	21699	21699	21448	21448	20663	20663	19152	18783	18783
e00311-A	e00311-A	1	e00311-A_S23_L001_R1_001.fastq.gz	e00311-A_S23_L001_R2_001.fastq.gz	11448	11448	11261	11261	10950	10950	8876	8876	8876
e00311-B	e00311-B	1	e00311-B_S115_L001_R1_001.fastq.gz	e00311-B_S115_L001_R2_001.fastq.gz	46528	46528	45947	45947	43228	43228	38344	37743	37743
e00311-C	e00311-C	1	e00311-C_S207_L001_R1_001.fastq.gz	e00311-C_S207_L001_R2_001.fastq.gz	23245	23245	22969	22969	22704	22704	21749	21199	21199
e00312-A	e00312-A	1	e00312-A_S24_L001_R1_001.fastq.gz	e00312-A_S24_L001_R2_001.fastq.gz	9892	9892	9783	9783	69	69	14	14	14
e00312-B	e00312-B	1	e00312-B_S116_L001_R1_001.fastq.gz	e00312-B_S116_L001_R2_001.fastq.gz	8880	8880	8763	8763	53	53	8	8	8
e00312-C	e00312-C	1	e00312-C_S208_L001_R1_001.fastq.gz	e00312-C_S208_L001_R2_001.fastq.gz	10617	10617	10475	10475	81	81	1	1	1
e00313-A	e00313-A	1	e00313-A_S25_L001_R1_001.fastq.gz	e00313-A_S25_L001_R2_001.fastq.gz	2772	2772	2745	2745	234	234	110	110	110
e00313-B	e00313-B	1	e00313-B_S117_L001_R1_001.fastq.gz	e00313-B_S117_L001_R2_001.fastq.gz	8766	8766	8645	8645	4204	4204	3888	3888	3888
e00313-C	e00313-C	1	e00313-C_S209_L001_R1_001.fastq.gz	e00313-C_S209_L001_R2_001.fastq.gz	10614	10614	10473	10473	10376	10376	10257	10237	10237
e00314-A	e00314-A	1	e00314-A_S26_L001_R1_001.fastq.gz	e00314-A_S26_L001_R2_001.fastq.gz	20002	20002	19766	19766	19619	19619	18567	18248	18248
e00314-B	e00314-B	1	e00314-B_S118_L001_R1_001.fastq.gz	e00314-B_S118_L001_R2_001.fastq.gz	41460	41460	40947	40947	40338	40338	32808	32372	32372
e00314-C	e00314-C	1	e00314-C_S210_L001_R1_001.fastq.gz	e00314-C_S210_L001_R2_001.fastq.gz	22094	22094	21807	21807	20271	20271	18595	18322	18322
e00315-A	e00315-A	1	e00315-A_S27_L001_R1_001.fastq.gz	e00315-A_S27_L001_R2_001.fastq.gz	25492	25492	25193	25193	24931	24931	23278	22820	22820
e00315-B	e00315-B	1	e00315-B_S119_L001_R1_001.fastq.gz	e00315-B_S119_L001_R2_001.fastq.gz	28627	28627	28292	28292	20381	20381	15642	15496	15496
e00315-C	e00315-C	1	e00315-C_S211_L001_R1_001.fastq.gz	e00315-C_S211_L001_R2_001.fastq.gz	20045	20045	19818	19818	19537	19537	17105	16709	16707
e00316-A	e00316-A	1	e00316-A_S28_L001_R1_001.fastq.gz	e00316-A_S28_L001_R2_001.fastq.gz	26609	26609	26311	26311	26145	26145	25219	24900	24900
e00316-B	e00316-B	1	e00316-B_S120_L001_R1_001.fastq.gz	e00316-B_S120_L001_R2_001.fastq.gz	42244	42244	41732	41732	39707	39707	36323	35928	35928
e00316-C	e00316-C	1	e00316-C_S212_L001_R1_001.fastq.gz	e00316-C_S212_L001_R2_001.fastq.gz	20032	20032	19788	19788	19565	19565	18336	18089	18089
e00317-A	e00317-A	1	e00317-A_S30_L001_R1_001.fastq.gz	e00317-A_S30_L001_R2_001.fastq.gz	19118	19118	18875	18875	2426	2426	2166	2166	2166
e00317-B	e00317-B	1	e00317-B_S122_L001_R1_001.fastq.gz	e00317-B_S122_L001_R2_001.fastq.gz	15539	15539	15352	15352	8519	8519	7458	7458	7458
e00317-C	e00317-C	1	e00317-C_S214_L001_R1_001.fastq.gz	e00317-C_S214_L001_R2_001.fastq.gz	17664	17664	17429	17429	7070	7070	6356	6356	6356
e00318-A	e00318-A	1	e00318-A_S31_L001_R1_001.fastq.gz	e00318-A_S31_L001_R2_001.fastq.gz	25940	25940	25631	25631	25379	25379	22974	22555	22555
e00318-B	e00318-B	1	e00318-B_S123_L001_R1_001.fastq.gz	e00318-B_S123_L001_R2_001.fastq.gz	48956	48956	48353	48353	45461	45461	40473	39909	39909
e00318-C	e00318-C	1	e00318-C_S215_L001_R1_001.fastq.gz	e00318-C_S215_L001_R2_001.fastq.gz	23356	23356	23052	23052	22810	22810	20637	20272	20272
e00319-A	e00319-A	1	e00319-A_S32_L001_R1_001.fastq.gz	e00319-A_S32_L001_R2_001.fastq.gz	17836	17836	17631	17631	17361	17361	15457	15333	15333
e00319-B	e00319-B	1	e00319-B_S124_L001_R1_001.fastq.gz	e00319-B_S124_L001_R2_001.fastq.gz	32522	32522	32134	32134	31438	31438	26277	25953	25953
e00319-C	e00319-C	1	e00319-C_S216_L001_R1_001.fastq.gz	e00319-C_S216_L001_R2_001.fastq.gz	19670	19670	19437	19437	18497	18497	16858	16541	16541
e00320-A	e00320-A	1	e00320-A_S89_L001_R1_001.fastq.gz	e00320-A_S89_L001_R2_001.fastq.gz	3821	3821	3769	3769	3668	3668	3464	3440	3440
e00320-B	e00320-B	1	e00320-B_S181_L001_R1_001.fastq.gz	e00320-B_S181_L001_R2_001.fastq.gz	9604	9604	9478	9478	9270	9270	8384	8296	8296
e00320-C	e00320-C	1	e00320-C_S273_L001_R1_001.fastq.gz	e00320-C_S273_L001_R2_001.fastq.gz	6672	6672	6600	6600	6237	6237	5841	5717	5717
e00321-A	e00321-A	1	e00321-A_S34_L001_R1_001.fastq.gz	e00321-A_S34_L001_R2_001.fastq.gz	1270	1270	1249	1249	769	769	750	750	750
e00321-B	e00321-B	1	e00321-B_S126_L001_R1_001.fastq.gz	e00321-B_S126_L001_R2_001.fastq.gz	15323	15323	15042	15042	8948	8948	8754	8751	8751
e00321-C	e00321-C	1	e00321-C_S218_L001_R1_001.fastq.gz	e00321-C_S218_L001_R2_001.fastq.gz	4089	4089	4035	4035	403	403	380	380	380
e00322-A	e00322-A	1	e00322-A_S35_L001_R1_001.fastq.gz	e00322-A_S35_L001_R2_001.fastq.gz	23101	23101	22856	22856	21601	21601	20890	20591	20591
e00322-B	e00322-B	1	e00322-B_S127_L001_R1_001.fastq.gz	e00322-B_S127_L001_R2_001.fastq.gz	69020	69020	68190	68190	66890	66890	64926	63482	63482
e00322-C	e00322-C	1	e00322-C_S219_L001_R1_001.fastq.gz	e00322-C_S219_L001_R2_001.fastq.gz	33559	33559	33164	33164	32398	32398	31491	30869	30869
e00323-A	e00323-A	1	e00323-A_S36_L001_R1_001.fastq.gz	e00323-A_S36_L001_R2_001.fastq.gz	15889	15889	15693	15693	14572	14572	13921	13744	13744
e00323-B	e00323-B	1	e00323-B_S128_L001_R1_001.fastq.gz	e00323-B_S128_L001_R2_001.fastq.gz	24985	24985	24654	24654	19003	19003	17358	17228	17228
e00323-C	e00323-C	1	e00323-C_S220_L001_R1_001.fastq.gz	e00323-C_S220_L001_R2_001.fastq.gz	18570	18570	18353	18353	18151	18151	17301	17029	17029
e00324-A	e00324-A	1	e00324-A_S37_L001_R1_001.fastq.gz	e00324-A_S37_L001_R2_001.fastq.gz	23765	23765	23502	23502	23291	23291	22132	21592	21592
e00324-B	e00324-B	1	e00324-B_S129_L001_R1_001.fastq.gz	e00324-B_S129_L001_R2_001.fastq.gz	41845	41845	41322	41322	31948	31948	29618	29265	29104
e00324-C	e00324-C	1	e00324-C_S221_L001_R1_001.fastq.gz	e00324-C_S221_L001_R2_001.fastq.gz	30208	30208	29828	29828	29580	29580	28385	27650	27650
e00325-A	e00325-A	1	e00325-A_S38_L001_R1_001.fastq.gz	e00325-A_S38_L001_R2_001.fastq.gz	21147	21147	20881	20881	20773	20773	20514	20398	20398
e00325-B	e00325-B	1	e00325-B_S130_L001_R1_001.fastq.gz	e00325-B_S130_L001_R2_001.fastq.gz	42625	42625	42130	42130	34966	34966	34362	33830	33830
e00325-C	e00325-C	1	e00325-C_S222_L001_R1_001.fastq.gz	e00325-C_S222_L001_R2_001.fastq.gz	23228	23228	22957	22957	21864	21864	21623	21293	21293
e00326-A	e00326-A	1	e00326-A_S39_L001_R1_001.fastq.gz	e00326-A_S39_L001_R2_001.fastq.gz	12805	12805	12622	12622	8016	8016	7394	7362	7362
e00326-B	e00326-B	1	e00326-B_S131_L001_R1_001.fastq.gz	e00326-B_S131_L001_R2_001.fastq.gz	13486	13486	13279	13279	186	186	1	1	1
e00326-C	e00326-C	1	e00326-C_S223_L001_R1_001.fastq.gz	e00326-C_S223_L001_R2_001.fastq.gz	7638	7638	7535	7535	4525	4525	3856	3811	3796
e00327-A	e00327-A	1	e00327-A_S40_L001_R1_001.fastq.gz	e00327-A_S40_L001_R2_001.fastq.gz	11077	11077	10991	10991	4367	4367	4010	4008	4008
e00327-B	e00327-B	1	e00327-B_S132_L001_R1_001.fastq.gz	e00327-B_S132_L001_R2_001.fastq.gz	7139	7139	7051	7051	380	380	0	0	0
e00327-C	e00327-C	1	e00327-C_S224_L001_R1_001.fastq.gz	e00327-C_S224_L001_R2_001.fastq.gz	528	528	518	518	382	382	155	155	155
e00328-A	e00328-A	1	e00328-A_S41_L001_R1_001.fastq.gz	e00328-A_S41_L001_R2_001.fastq.gz	9364	9364	9262	9262	2506	2506	2429	2428	2428
e00328-B	e00328-B	1	e00328-B_S133_L001_R1_001.fastq.gz	e00328-B_S133_L001_R2_001.fastq.gz	8936	8936	8826	8826	1046	1046	887	887	887
e00328-C	e00328-C	1	e00328-C_S225_L001_R1_001.fastq.gz	e00328-C_S225_L001_R2_001.fastq.gz	20765	20765	20551	20551	6871	6871	6538	6527	6527
e00329-A	e00329-A	1	e00329-A_S42_L001_R1_001.fastq.gz	e00329-A_S42_L001_R2_001.fastq.gz	136	136	132	132	77	77	64	64	64
e00329-B	e00329-B	1	e00329-B_S134_L001_R1_001.fastq.gz	e00329-B_S134_L001_R2_001.fastq.gz	5763	5763	5678	5678	194	194	177	177	177
e00329-C	e00329-C	1	e00329-C_S226_L001_R1_001.fastq.gz	e00329-C_S226_L001_R2_001.fastq.gz	190	190	181	181	129	129	111	111	111
e00330-A	e00330-A	1	e00330-A_S43_L001_R1_001.fastq.gz	e00330-A_S43_L001_R2_001.fastq.gz	21769	21769	21505	21505	11966	11966	11043	10937	10937
e00330-B	e00330-B	1	e00330-B_S135_L001_R1_001.fastq.gz	e00330-B_S135_L001_R2_001.fastq.gz	6443	6443	6348	6348	1581	1581	1179	1176	1176
e00330-C	e00330-C	1	e00330-C_S227_L001_R1_001.fastq.gz	e00330-C_S227_L001_R2_001.fastq.gz	13193	13193	13037	13037	7655	7655	6662	6611	6611
e00331-A	e00331-A	1	e00331-A_S44_L001_R1_001.fastq.gz	e00331-A_S44_L001_R2_001.fastq.gz	23100	23100	22826	22826	12100	12100	11321	11230	11230
e00331-B	e00331-B	1	e00331-B_S136_L001_R1_001.fastq.gz	e00331-B_S136_L001_R2_001.fastq.gz	8086	8086	8014	8014	3978	3978	2749	2745	2745
e00331-C	e00331-C	1	e00331-C_S228_L001_R1_001.fastq.gz	e00331-C_S228_L001_R2_001.fastq.gz	18215	18215	17985	17985	11112	11112	10489	10376	10376
e00332-A	e00332-A	1	e00332-A_S45_L001_R1_001.fastq.gz	e00332-A_S45_L001_R2_001.fastq.gz	315	315	309	309	211	211	186	186	186
e00332-B	e00332-B	1	e00332-B_S137_L001_R1_001.fastq.gz	e00332-B_S137_L001_R2_001.fastq.gz	690	690	678	678	489	489	394	393	393
e00332-C	e00332-C	1	e00332-C_S229_L001_R1_001.fastq.gz	e00332-C_S229_L001_R2_001.fastq.gz	858	858	851	851	50	50	44	44	44
e00333-A	e00333-A	1	e00333-A_S46_L001_R1_001.fastq.gz	e00333-A_S46_L001_R2_001.fastq.gz	10732	10732	10609	10609	42	42	0	0	0
e00333-B	e00333-B	1	e00333-B_S138_L001_R1_001.fastq.gz	e00333-B_S138_L001_R2_001.fastq.gz	6090	6090	6004	6004	37	37	8	8	8
e00333-C	e00333-C	1	e00333-C_S230_L001_R1_001.fastq.gz	e00333-C_S230_L001_R2_001.fastq.gz	662	662	648	648	120	120	100	100	100
e00334-A	e00334-A	1	e00334-A_S47_L001_R1_001.fastq.gz	e00334-A_S47_L001_R2_001.fastq.gz	6355	6355	6287	6287	373	373	2	2	2
e00334-B	e00334-B	1	e00334-B_S139_L001_R1_001.fastq.gz	e00334-B_S139_L001_R2_001.fastq.gz	7818	7818	7676	7676	4401	4401	3186	3185	3185
e00334-C	e00334-C	1	e00334-C_S231_L001_R1_001.fastq.gz	e00334-C_S231_L001_R2_001.fastq.gz	6989	6989	6915	6915	6750	6750	6391	6347	6347
e00335-A	e00335-A	1	e00335-A_S48_L001_R1_001.fastq.gz	e00335-A_S48_L001_R2_001.fastq.gz	15807	15807	15620	15620	13883	13883	12048	11970	11970
e00335-B	e00335-B	1	e00335-B_S140_L001_R1_001.fastq.gz	e00335-B_S140_L001_R2_001.fastq.gz	8664	8664	8578	8578	7864	7864	6123	6089	6081
e00335-C	e00335-C	1	e00335-C_S232_L001_R1_001.fastq.gz	e00335-C_S232_L001_R2_001.fastq.gz	4443	4443	4396	4396	4285	4285	3552	3534	3534
e00336-A	e00336-A	1	e00336-A_S49_L001_R1_001.fastq.gz	e00336-A_S49_L001_R2_001.fastq.gz	401	401	394	394	332	332	317	317	317
e00336-B	e00336-B	1	e00336-B_S141_L001_R1_001.fastq.gz	e00336-B_S141_L001_R2_001.fastq.gz	15189	15189	15018	15018	2015	2015	1968	1968	1968
e00336-C	e00336-C	1	e00336-C_S233_L001_R1_001.fastq.gz	e00336-C_S233_L001_R2_001.fastq.gz	2887	2887	2852	2852	2751	2751	2710	2710	2710
e00337-A	e00337-A	1	e00337-A_S50_L001_R1_001.fastq.gz	e00337-A_S50_L001_R2_001.fastq.gz	2975	2975	2942	2942	2867	2867	2832	2831	2831
e00337-B	e00337-B	1	e00337-B_S142_L001_R1_001.fastq.gz	e00337-B_S142_L001_R2_001.fastq.gz	2995	2995	2966	2966	1391	1391	2	2	2
e00337-C	e00337-C	1	e00337-C_S234_L001_R1_001.fastq.gz	e00337-C_S234_L001_R2_001.fastq.gz	2912	2912	2879	2879	2815	2815	2458	2458	2458
e00338-A	e00338-A	1	e00338-A_S51_L001_R1_001.fastq.gz	e00338-A_S51_L001_R2_001.fastq.gz	11969	11969	11836	11836	10999	10999	10919	10915	10899
e00338-B	e00338-B	1	e00338-B_S143_L001_R1_001.fastq.gz	e00338-B_S143_L001_R2_001.fastq.gz	12909	12909	12708	12708	11595	11595	10843	10843	10843
e00338-C	e00338-C	1	e00338-C_S235_L001_R1_001.fastq.gz	e00338-C_S235_L001_R2_001.fastq.gz	1705	1705	1684	1684	1597	1597	1473	1473	1473
e00339-A	e00339-A	1	e00339-A_S52_L001_R1_001.fastq.gz	e00339-A_S52_L001_R2_001.fastq.gz	77	77	69	69	25	25	7	7	7
e00339-B	e00339-B	1	e00339-B_S144_L001_R1_001.fastq.gz	e00339-B_S144_L001_R2_001.fastq.gz	7636	7636	7549	7549	66	66	12	12	12
e00339-C	e00339-C	1	e00339-C_S236_L001_R1_001.fastq.gz	e00339-C_S236_L001_R2_001.fastq.gz	23576	23576	23322	23322	160	160	36	36	36
e00340-A	e00340-A	1	e00340-A_S53_L001_R1_001.fastq.gz	e00340-A_S53_L001_R2_001.fastq.gz	16020	16020	15857	15857	1822	1822	1735	1729	1729
e00340-B	e00340-B	1	e00340-B_S145_L001_R1_001.fastq.gz	e00340-B_S145_L001_R2_001.fastq.gz	43536	43536	43062	43062	36994	36994	33019	32243	32234
e00340-C	e00340-C	1	e00340-C_S237_L001_R1_001.fastq.gz	e00340-C_S237_L001_R2_001.fastq.gz	35122	35122	34696	34696	32397	32397	30312	29666	29666
e00341-A	e00341-A	1	e00341-A_S54_L001_R1_001.fastq.gz	e00341-A_S54_L001_R2_001.fastq.gz	8481	8481	8346	8346	8120	8120	8015	8003	8003
e00341-B	e00341-B	1	e00341-B_S146_L001_R1_001.fastq.gz	e00341-B_S146_L001_R2_001.fastq.gz	25171	25171	24877	24877	24306	24306	21316	21031	21031
e00341-C	e00341-C	1	e00341-C_S238_L001_R1_001.fastq.gz	e00341-C_S238_L001_R2_001.fastq.gz	24335	24335	24023	24023	23805	23805	22748	22095	22095
e00342-A	e00342-A	1	e00342-A_S90_L001_R1_001.fastq.gz	e00342-A_S90_L001_R2_001.fastq.gz	536	536	526	526	231	231	204	204	204
e00342-B	e00342-B	1	e00342-B_S182_L001_R1_001.fastq.gz	e00342-B_S182_L001_R2_001.fastq.gz	1609	1609	1578	1578	71	71	49	49	49
e00342-C	e00342-C	1	e00342-C_S274_L001_R1_001.fastq.gz	e00342-C_S274_L001_R2_001.fastq.gz	412	412	409	409	48	48	14	14	14
e00343-A	e00343-A	1	e00343-A_S56_L001_R1_001.fastq.gz	e00343-A_S56_L001_R2_001.fastq.gz	22915	22915	22676	22676	22098	22098	19925	19403	19403
e00343-B	e00343-B	1	e00343-B_S148_L001_R1_001.fastq.gz	e00343-B_S148_L001_R2_001.fastq.gz	20151	20151	19859	19859	19556	19556	16955	16679	16679
e00343-C	e00343-C	1	e00343-C_S240_L001_R1_001.fastq.gz	e00343-C_S240_L001_R2_001.fastq.gz	15130	15130	14961	14961	14734	14734	13001	12684	12606
e00344-A	e00344-A	1	e00344-A_S57_L001_R1_001.fastq.gz	e00344-A_S57_L001_R2_001.fastq.gz	317	317	310	310	51	51	34	31	31
e00344-B	e00344-B	1	e00344-B_S149_L001_R1_001.fastq.gz	e00344-B_S149_L001_R2_001.fastq.gz	6951	6951	6849	6849	2192	2192	1951	1949	1949
e00344-C	e00344-C	1	e00344-C_S241_L001_R1_001.fastq.gz	e00344-C_S241_L001_R2_001.fastq.gz	25271	25271	24970	24970	24787	24787	23892	23517	23517
e00345-A	e00345-A	1	e00345-A_S58_L001_R1_001.fastq.gz	e00345-A_S58_L001_R2_001.fastq.gz	16573	16573	16343	16343	16109	16109	15063	14700	14700
e00345-B	e00345-B	1	e00345-B_S150_L001_R1_001.fastq.gz	e00345-B_S150_L001_R2_001.fastq.gz	6184	6184	6098	6098	5451	5451	4747	4662	4662
e00345-C	e00345-C	1	e00345-C_S242_L001_R1_001.fastq.gz	e00345-C_S242_L001_R2_001.fastq.gz	19506	19506	19265	19265	19094	19094	17498	17203	17203
e00346-A	e00346-A	1	e00346-A_S59_L001_R1_001.fastq.gz	e00346-A_S59_L001_R2_001.fastq.gz	2267	2267	2221	2221	2174	2174	2112	2110	2095
e00346-B	e00346-B	1	e00346-B_S151_L001_R1_001.fastq.gz	e00346-B_S151_L001_R2_001.fastq.gz	3534	3534	3489	3489	192	192	161	161	74
e00346-C	e00346-C	1	e00346-C_S243_L001_R1_001.fastq.gz	e00346-C_S243_L001_R2_001.fastq.gz	2406	2406	2389	2389	1572	1572	1561	1561	1554
e00347-A	e00347-A	1	e00347-A_S61_L001_R1_001.fastq.gz	e00347-A_S61_L001_R2_001.fastq.gz	25267	25267	24926	24926	24184	24184	23859	23421	23421
e00347-B	e00347-B	1	e00347-B_S153_L001_R1_001.fastq.gz	e00347-B_S153_L001_R2_001.fastq.gz	13584	13584	13416	13416	13152	13152	12726	12478	12478
e00347-C	e00347-C	1	e00347-C_S245_L001_R1_001.fastq.gz	e00347-C_S245_L001_R2_001.fastq.gz	38418	38418	37982	37982	37726	37726	36464	35124	35124
e00348-A	e00348-A	1	e00348-A_S62_L001_R1_001.fastq.gz	e00348-A_S62_L001_R2_001.fastq.gz	28997	28997	28699	28699	27856	27856	27440	26911	26911
e00348-B	e00348-B	1	e00348-B_S154_L001_R1_001.fastq.gz	e00348-B_S154_L001_R2_001.fastq.gz	7756	7756	7646	7646	7580	7580	7370	7149	7149
e00348-C	e00348-C	1	e00348-C_S246_L001_R1_001.fastq.gz	e00348-C_S246_L001_R2_001.fastq.gz	33160	33160	32759	32759	31879	31879	31057	29888	29888
e00349-A	e00349-A	1	e00349-A_S63_L001_R1_001.fastq.gz	e00349-A_S63_L001_R2_001.fastq.gz	32781	32781	32415	32415	31549	31549	30894	30335	30335
e00349-B	e00349-B	1	e00349-B_S155_L001_R1_001.fastq.gz	e00349-B_S155_L001_R2_001.fastq.gz	8088	8088	7997	7997	7880	7880	7442	7277	7277
e00349-C	e00349-C	1	e00349-C_S247_L001_R1_001.fastq.gz	e00349-C_S247_L001_R2_001.fastq.gz	9186	9186	9073	9073	8936	8936	8340	8099	8099
e00350-A	e00350-A	1	e00350-A_S64_L001_R1_001.fastq.gz	e00350-A_S64_L001_R2_001.fastq.gz	12859	12859	12728	12728	315	315	236	236	231
e00350-B	e00350-B	1	e00350-B_S156_L001_R1_001.fastq.gz	e00350-B_S156_L001_R2_001.fastq.gz	928	928	904	904	370	370	53	53	53
e00350-C	e00350-C	1	e00350-C_S248_L001_R1_001.fastq.gz	e00350-C_S248_L001_R2_001.fastq.gz	13545	13545	13372	13372	2548	2548	2309	2309	2309
e00351-A	e00351-A	1	e00351-A_S65_L001_R1_001.fastq.gz	e00351-A_S65_L001_R2_001.fastq.gz	25893	25893	25601	25601	25398	25398	24726	24468	24468
e00351-B	e00351-B	1	e00351-B_S157_L001_R1_001.fastq.gz	e00351-B_S157_L001_R2_001.fastq.gz	10352	10352	10229	10229	10067	10067	9724	9588	9588
e00351-C	e00351-C	1	e00351-C_S249_L001_R1_001.fastq.gz	e00351-C_S249_L001_R2_001.fastq.gz	6337	6337	6268	6268	6145	6145	5921	5846	5846
e00352-A	e00352-A	1	e00352-A_S66_L001_R1_001.fastq.gz	e00352-A_S66_L001_R2_001.fastq.gz	1633	1633	1605	1605	1588	1588	1539	1536	1536
e00352-B	e00352-B	1	e00352-B_S158_L001_R1_001.fastq.gz	e00352-B_S158_L001_R2_001.fastq.gz	11711	11711	11566	11566	11448	11448	10868	10742	10742
e00352-C	e00352-C	1	e00352-C_S250_L001_R1_001.fastq.gz	e00352-C_S250_L001_R2_001.fastq.gz	8772	8772	8669	8669	8586	8586	8245	8078	8078
e00353-A	e00353-A	1	e00353-A_S67_L001_R1_001.fastq.gz	e00353-A_S67_L001_R2_001.fastq.gz	194	194	190	190	176	176	161	161	161
e00353-B	e00353-B	1	e00353-B_S159_L001_R1_001.fastq.gz	e00353-B_S159_L001_R2_001.fastq.gz	13918	13918	13748	13748	13642	13642	12959	12841	12841
e00353-C	e00353-C	1	e00353-C_S251_L001_R1_001.fastq.gz	e00353-C_S251_L001_R2_001.fastq.gz	15577	15577	15391	15391	15303	15303	14793	14519	14519
e00354-A	e00354-A	1	e00354-A_S68_L001_R1_001.fastq.gz	e00354-A_S68_L001_R2_001.fastq.gz	8421	8421	8303	8303	8159	8159	8084	8084	8084
e00354-B	e00354-B	1	e00354-B_S160_L001_R1_001.fastq.gz	e00354-B_S160_L001_R2_001.fastq.gz	1001	1001	986	986	666	666	5	5	5
e00354-C	e00354-C	1	e00354-C_S252_L001_R1_001.fastq.gz	e00354-C_S252_L001_R2_001.fastq.gz	4296	4296	4243	4243	623	623	443	443	443
e00355-A	e00355-A	1	e00355-A_S69_L001_R1_001.fastq.gz	e00355-A_S69_L001_R2_001.fastq.gz	23049	23049	22631	22631	21674	21674	19044	18113	18113
e00355-B	e00355-B	1	e00355-B_S161_L001_R1_001.fastq.gz	e00355-B_S161_L001_R2_001.fastq.gz	11793	11793	11599	11599	11229	11229	9931	9627	9627
e00355-C	e00355-C	1	e00355-C_S253_L001_R1_001.fastq.gz	e00355-C_S253_L001_R2_001.fastq.gz	9533	9533	9359	9359	8962	8962	7705	7266	7266
e00356-A	e00356-A	1	e00356-A_S70_L001_R1_001.fastq.gz	e00356-A_S70_L001_R2_001.fastq.gz	23672	23672	23399	23399	23296	23296	22495	21679	21679
e00356-B	e00356-B	1	e00356-B_S162_L001_R1_001.fastq.gz	e00356-B_S162_L001_R2_001.fastq.gz	13682	13682	13509	13509	13367	13367	12698	12341	12341
e00356-C	e00356-C	1	e00356-C_S254_L001_R1_001.fastq.gz	e00356-C_S254_L001_R2_001.fastq.gz	9940	9940	9814	9814	9767	9767	9454	9035	9035
e00357-A	e00357-A	1	e00357-A_S71_L001_R1_001.fastq.gz	e00357-A_S71_L001_R2_001.fastq.gz	24707	24707	24411	24411	24282	24282	23579	22838	22838
e00357-B	e00357-B	1	e00357-B_S163_L001_R1_001.fastq.gz	e00357-B_S163_L001_R2_001.fastq.gz	12460	12460	12302	12302	9938	9938	9610	9388	9388
e00357-C	e00357-C	1	e00357-C_S255_L001_R1_001.fastq.gz	e00357-C_S255_L001_R2_001.fastq.gz	20329	20329	20072	20072	19945	19945	19365	18421	18421
e00358-A	e00358-A	1	e00358-A_S72_L001_R1_001.fastq.gz	e00358-A_S72_L001_R2_001.fastq.gz	7705	7705	7635	7635	1453	1453	1361	1361	1361
e00358-B	e00358-B	1	e00358-B_S164_L001_R1_001.fastq.gz	e00358-B_S164_L001_R2_001.fastq.gz	10334	10334	10184	10184	9726	9726	9691	9691	9691
e00358-C	e00358-C	1	e00358-C_S256_L001_R1_001.fastq.gz	e00358-C_S256_L001_R2_001.fastq.gz	7129	7129	7045	7045	3671	3671	3533	3528	3528
e00359-A	e00359-A	1	e00359-A_S73_L001_R1_001.fastq.gz	e00359-A_S73_L001_R2_001.fastq.gz	5586	5586	5511	5511	5418	5418	5339	5288	5288
e00359-B	e00359-B	1	e00359-B_S165_L001_R1_001.fastq.gz	e00359-B_S165_L001_R2_001.fastq.gz	23153	23153	22853	22853	22619	22619	22334	22184	22184
e00359-C	e00359-C	1	e00359-C_S257_L001_R1_001.fastq.gz	e00359-C_S257_L001_R2_001.fastq.gz	15945	15945	15768	15768	15612	15612	15326	15234	15234
e00360-A	e00360-A	1	e00360-A_S74_L001_R1_001.fastq.gz	e00360-A_S74_L001_R2_001.fastq.gz	5175	5175	5121	5121	23	23	2	2	2
e00360-B	e00360-B	1	e00360-B_S166_L001_R1_001.fastq.gz	e00360-B_S166_L001_R2_001.fastq.gz	1502	1502	1478	1478	1193	1193	1176	1176	1176
e00360-C	e00360-C	1	e00360-C_S258_L001_R1_001.fastq.gz	e00360-C_S258_L001_R2_001.fastq.gz	70	70	67	67	16	16	0	0	0
e00361-A	e00361-A	1	e00361-A_S75_L001_R1_001.fastq.gz	e00361-A_S75_L001_R2_001.fastq.gz	4237	4237	4178	4178	4118	4118	4046	4011	4011
e00361-B	e00361-B	1	e00361-B_S167_L001_R1_001.fastq.gz	e00361-B_S167_L001_R2_001.fastq.gz	36284	36284	35784	35784	35552	35552	34710	34323	34323
e00361-C	e00361-C	1	e00361-C_S259_L001_R1_001.fastq.gz	e00361-C_S259_L001_R2_001.fastq.gz	20066	20066	19818	19818	19643	19643	19288	18956	18956
e00362-A	e00362-A	1	e00362-A_S76_L001_R1_001.fastq.gz	e00362-A_S76_L001_R2_001.fastq.gz	5355	5355	5282	5282	5257	5257	5144	5054	5054
e00362-B	e00362-B	1	e00362-B_S168_L001_R1_001.fastq.gz	e00362-B_S168_L001_R2_001.fastq.gz	17275	17275	17055	17055	16770	16770	16481	16284	16284
e00362-C	e00362-C	1	e00362-C_S260_L001_R1_001.fastq.gz	e00362-C_S260_L001_R2_001.fastq.gz	8355	8355	8263	8263	8199	8199	8003	7801	7801
e00363-A	e00363-A	1	e00363-A_S77_L001_R1_001.fastq.gz	e00363-A_S77_L001_R2_001.fastq.gz	4565	4565	4519	4519	4441	4441	4349	4349	4155
e00363-B	e00363-B	1	e00363-B_S169_L001_R1_001.fastq.gz	e00363-B_S169_L001_R2_001.fastq.gz	17694	17694	17500	17500	16865	16865	16455	16455	16265
e00363-C	e00363-C	1	e00363-C_S261_L001_R1_001.fastq.gz	e00363-C_S261_L001_R2_001.fastq.gz	8784	8784	8665	8665	7912	7912	7704	7694	7628
e00364-A	e00364-A	1	e00364-A_S78_L001_R1_001.fastq.gz	e00364-A_S78_L001_R2_001.fastq.gz	4480	4480	4421	4421	4391	4391	4082	4066	4066
e00364-B	e00364-B	1	e00364-B_S170_L001_R1_001.fastq.gz	e00364-B_S170_L001_R2_001.fastq.gz	13177	13177	13041	13041	12881	12881	12061	11950	11950
e00364-C	e00364-C	1	e00364-C_S262_L001_R1_001.fastq.gz	e00364-C_S262_L001_R2_001.fastq.gz	8124	8124	8022	8022	7950	7950	7570	7433	7433
e00365-A	e00365-A	1	e00365-A_S79_L001_R1_001.fastq.gz	e00365-A_S79_L001_R2_001.fastq.gz	4460	4460	4402	4402	4322	4322	3970	3962	3962
e00365-B	e00365-B	1	e00365-B_S171_L001_R1_001.fastq.gz	e00365-B_S171_L001_R2_001.fastq.gz	11617	11617	11463	11463	11303	11303	10540	10399	10395
e00365-C	e00365-C	1	e00365-C_S263_L001_R1_001.fastq.gz	e00365-C_S263_L001_R2_001.fastq.gz	7804	7804	7707	7707	7586	7586	7160	7032	7032
e00366-A	e00366-A	1	e00366-A_S92_L001_R1_001.fastq.gz	e00366-A_S92_L001_R2_001.fastq.gz	4846	4846	4797	4797	4666	4666	4490	4439	4439
e00366-B	e00366-B	1	e00366-B_S184_L001_R1_001.fastq.gz	e00366-B_S184_L001_R2_001.fastq.gz	9982	9982	9838	9838	9731	9731	9114	9044	9044
e00366-C	e00366-C	1	e00366-C_S276_L001_R1_001.fastq.gz	e00366-C_S276_L001_R2_001.fastq.gz	3534	3534	3491	3491	3441	3441	3140	3114	3114
e00367-A	e00367-A	1	e00367-A_S81_L001_R1_001.fastq.gz	e00367-A_S81_L001_R2_001.fastq.gz	7516	7516	7425	7425	84	84	32	30	30
e00367-B	e00367-B	1	e00367-B_S173_L001_R1_001.fastq.gz	e00367-B_S173_L001_R2_001.fastq.gz	2897	2897	2860	2860	72	72	27	22	22
e00367-C	e00367-C	1	e00367-C_S265_L001_R1_001.fastq.gz	e00367-C_S265_L001_R2_001.fastq.gz	17310	17310	17111	17111	2974	2974	2914	2914	2914
e00368-A	e00368-A	1	e00368-A_S82_L001_R1_001.fastq.gz	e00368-A_S82_L001_R2_001.fastq.gz	4879	4879	4819	4819	4756	4756	4619	4597	4597
e00368-B	e00368-B	1	e00368-B_S174_L001_R1_001.fastq.gz	e00368-B_S174_L001_R2_001.fastq.gz	9338	9338	9213	9213	8790	8790	8385	8331	8331
e00368-C	e00368-C	1	e00368-C_S266_L001_R1_001.fastq.gz	e00368-C_S266_L001_R2_001.fastq.gz	21634	21634	21391	21391	21165	21165	20118	19847	19847
e00369-A	e00369-A	1	e00369-A_S83_L001_R1_001.fastq.gz	e00369-A_S83_L001_R2_001.fastq.gz	4104	4104	4042	4042	3923	3923	3771	3712	3712
e00369-B	e00369-B	1	e00369-B_S175_L001_R1_001.fastq.gz	e00369-B_S175_L001_R2_001.fastq.gz	10219	10219	10079	10079	9961	9961	9318	9187	9187
e00369-C	e00369-C	1	e00369-C_S267_L001_R1_001.fastq.gz	e00369-C_S267_L001_R2_001.fastq.gz	14982	14982	14817	14817	14566	14566	13783	13501	13501
e00370-A	e00370-A	1	e00370-A_S91_L001_R1_001.fastq.gz	e00370-A_S91_L001_R2_001.fastq.gz	2471	2471	2449	2449	2416	2416	2307	2287	2287
e00370-B	e00370-B	1	e00370-B_S183_L001_R1_001.fastq.gz	e00370-B_S183_L001_R2_001.fastq.gz	5703	5703	5644	5644	5578	5578	5329	5304	5304
e00370-C	e00370-C	1	e00370-C_S275_L001_R1_001.fastq.gz	e00370-C_S275_L001_R2_001.fastq.gz	4455	4455	4404	4404	4335	4335	4085	4049	4049
e00371-A	e00371-A	1	e00371-A_S85_L001_R1_001.fastq.gz	e00371-A_S85_L001_R2_001.fastq.gz	582	582	573	573	35	35	1	1	1
e00371-B	e00371-B	1	e00371-B_S177_L001_R1_001.fastq.gz	e00371-B_S177_L001_R2_001.fastq.gz	2257	2257	2223	2223	139	139	108	108	108
e00371-C	e00371-C	1	e00371-C_S269_L001_R1_001.fastq.gz	e00371-C_S269_L001_R2_001.fastq.gz	4418	4418	4368	4368	4236	4236	4181	4181	4181
e00372-A	e00372-A	1	e00372-A_S86_L001_R1_001.fastq.gz	e00372-A_S86_L001_R2_001.fastq.gz	3858	3858	3792	3792	50	50	5	5	5
e00372-B	e00372-B	1	e00372-B_S178_L001_R1_001.fastq.gz	e00372-B_S178_L001_R2_001.fastq.gz	485	485	397	397	90	90	51	51	51
e00372-C	e00372-C	1	e00372-C_S270_L001_R1_001.fastq.gz	e00372-C_S270_L001_R2_001.fastq.gz	21125	21125	20874	20874	272	272	65	65	65
e03265-A	e03265-A	1	e03265-A_S277_L001_R1_001.fastq.gz	e03265-A_S277_L001_R2_001.fastq.gz	10612	10612	10482	10482	4338	4338	3039	2987	2987
e03265-B	e03265-B	1	e03265-B_S372_L001_R1_001.fastq.gz	e03265-B_S372_L001_R2_001.fastq.gz	16993	16993	16834	16834	15400	15400	13172	12960	12960
e03265-C	e03265-C	1	e03265-C_S467_L001_R1_001.fastq.gz	e03265-C_S467_L001_R2_001.fastq.gz	12289	12289	12160	12160	7902	7902	6759	6688	6688
e03266-A	e03266-A	1	e03266-A_S278_L001_R1_001.fastq.gz	e03266-A_S278_L001_R2_001.fastq.gz	19626	19626	19424	19424	18634	18634	14332	14155	14155
e03266-B	e03266-B	1	e03266-B_S373_L001_R1_001.fastq.gz	e03266-B_S373_L001_R2_001.fastq.gz	20205	20205	19994	19994	17183	17183	16146	15737	15737
e03266-C	e03266-C	1	e03266-C_S468_L001_R1_001.fastq.gz	e03266-C_S468_L001_R2_001.fastq.gz	26231	26231	24925	24925	17134	17134	15282	15106	15106
e03267-A	e03267-A	1	e03267-A_S279_L001_R1_001.fastq.gz	e03267-A_S279_L001_R2_001.fastq.gz	20995	20995	20775	20775	20040	20040	16690	16285	16285
e03267-B	e03267-B	1	e03267-B_S374_L001_R1_001.fastq.gz	e03267-B_S374_L001_R2_001.fastq.gz	20961	20961	20744	20744	20204	20204	18873	18530	18530
e03267-C	e03267-C	1	e03267-C_S469_L001_R1_001.fastq.gz	e03267-C_S469_L001_R2_001.fastq.gz	36543	36543	36175	36175	31460	31460	28756	28221	28221
e03268-A	e03268-A	1	e03268-A_S280_L001_R1_001.fastq.gz	e03268-A_S280_L001_R2_001.fastq.gz	12623	12623	12485	12485	2048	2048	2025	2025	2025
e03268-B	e03268-B	1	e03268-B_S375_L001_R1_001.fastq.gz	e03268-B_S375_L001_R2_001.fastq.gz	1840	1840	1820	1820	35	35	12	12	0
e03268-C	e03268-C	1	e03268-C_S470_L001_R1_001.fastq.gz	e03268-C_S470_L001_R2_001.fastq.gz	20578	20578	20349	20349	61	61	0	0	0
e03269-A	e03269-A	1	e03269-A_S282_L001_R1_001.fastq.gz	e03269-A_S282_L001_R2_001.fastq.gz	11442	11442	11311	11311	2321	2321	1732	1716	1716
e03269-B	e03269-B	1	e03269-B_S377_L001_R1_001.fastq.gz	e03269-B_S377_L001_R2_001.fastq.gz	20436	20436	20209	20209	19789	19789	16471	16246	16246
e03269-C	e03269-C	1	e03269-C_S472_L001_R1_001.fastq.gz	e03269-C_S472_L001_R2_001.fastq.gz	23639	23639	23390	23390	14708	14708	11929	11887	11887
e03270-A	e03270-A	1	e03270-A_S283_L001_R1_001.fastq.gz	e03270-A_S283_L001_R2_001.fastq.gz	21040	21040	20823	20823	16975	16975	14389	14293	14293
e03270-B	e03270-B	1	e03270-B_S378_L001_R1_001.fastq.gz	e03270-B_S378_L001_R2_001.fastq.gz	25624	25624	25362	25362	21503	21503	19116	18882	18882
e03270-C	e03270-C	1	e03270-C_S473_L001_R1_001.fastq.gz	e03270-C_S473_L001_R2_001.fastq.gz	37513	37513	37071	37071	14404	14404	12012	11905	11905
e03271-A	e03271-A	1	e03271-A_S284_L001_R1_001.fastq.gz	e03271-A_S284_L001_R2_001.fastq.gz	16445	16445	16258	16258	12762	12762	11098	11006	11006
e03271-B	e03271-B	1	e03271-B_S379_L001_R1_001.fastq.gz	e03271-B_S379_L001_R2_001.fastq.gz	19688	19688	19506	19506	16256	16256	13869	12217	12217
e03271-C	e03271-C	1	e03271-C_S474_L001_R1_001.fastq.gz	e03271-C_S474_L001_R2_001.fastq.gz	29430	29430	29106	29106	10261	10261	8518	8493	8493
e03272-A	e03272-A	1	e03272-A_S285_L001_R1_001.fastq.gz	e03272-A_S285_L001_R2_001.fastq.gz	13307	13307	13160	13160	72	72	12	12	12
e03272-B	e03272-B	1	e03272-B_S380_L001_R1_001.fastq.gz	e03272-B_S380_L001_R2_001.fastq.gz	12880	12880	12725	12725	112	112	5	5	5
e03272-C	e03272-C	1	e03272-C_S475_L001_R1_001.fastq.gz	e03272-C_S475_L001_R2_001.fastq.gz	10852	10852	10729	10729	90	90	21	21	21
e03273-A	e03273-A	1	e03273-A_S287_L001_R1_001.fastq.gz	e03273-A_S287_L001_R2_001.fastq.gz	38781	38781	38343	38343	36044	36044	23906	23512	23512
e03273-B	e03273-B	1	e03273-B_S382_L001_R1_001.fastq.gz	e03273-B_S382_L001_R2_001.fastq.gz	29265	29265	28924	28924	28401	28401	26404	25767	25767
e03273-C	e03273-C	1	e03273-C_S477_L001_R1_001.fastq.gz	e03273-C_S477_L001_R2_001.fastq.gz	22244	22244	21988	21988	14939	14939	13490	13211	13211
e03274-A	e03274-A	1	e03274-A_S288_L001_R1_001.fastq.gz	e03274-A_S288_L001_R2_001.fastq.gz	28001	28001	27698	27698	24003	24003	15658	15354	15354
e03274-B	e03274-B	1	e03274-B_S383_L001_R1_001.fastq.gz	e03274-B_S383_L001_R2_001.fastq.gz	24980	24980	24700	24700	23980	23980	20406	20025	20025
e03274-C	e03274-C	1	e03274-C_S478_L001_R1_001.fastq.gz	e03274-C_S478_L001_R2_001.fastq.gz	19128	19128	18885	18885	12645	12645	10710	10574	10574
e03275-A	e03275-A	1	e03275-A_S289_L001_R1_001.fastq.gz	e03275-A_S289_L001_R2_001.fastq.gz	26293	26293	25925	25925	25097	25097	24606	24524	24524
e03275-B	e03275-B	1	e03275-B_S384_L001_R1_001.fastq.gz	e03275-B_S384_L001_R2_001.fastq.gz	21327	21327	21082	21082	20977	20977	20787	20702	20702
e03275-C	e03275-C	1	e03275-C_S479_L001_R1_001.fastq.gz	e03275-C_S479_L001_R2_001.fastq.gz	20966	20966	20682	20682	20049	20049	19849	19787	19787
e03276-A	e03276-A	1	e03276-A_S290_L001_R1_001.fastq.gz	e03276-A_S290_L001_R2_001.fastq.gz	13865	13865	13717	13717	3390	3390	3332	3332	3332
e03276-B	e03276-B	1	e03276-B_S385_L001_R1_001.fastq.gz	e03276-B_S385_L001_R2_001.fastq.gz	6547	6547	6464	6464	100	100	69	69	69
e03276-C	e03276-C	1	e03276-C_S480_L001_R1_001.fastq.gz	e03276-C_S480_L001_R2_001.fastq.gz	16651	16651	16453	16453	210	210	94	94	94
e03277-A	e03277-A	1	e03277-A_S292_L001_R1_001.fastq.gz	e03277-A_S292_L001_R2_001.fastq.gz	8847	8847	8746	8746	5578	5578	3529	3520	3520
e03277-B	e03277-B	1	e03277-B_S387_L001_R1_001.fastq.gz	e03277-B_S387_L001_R2_001.fastq.gz	7518	7518	7435	7435	5376	5376	1921	1921	1826
e03277-C	e03277-C	1	e03277-C_S482_L001_R1_001.fastq.gz	e03277-C_S482_L001_R2_001.fastq.gz	9529	9529	9403	9403	4223	4223	3512	3507	3507
e03278-A	e03278-A	1	e03278-A_S293_L001_R1_001.fastq.gz	e03278-A_S293_L001_R2_001.fastq.gz	23550	23550	23289	23289	21233	21233	15373	15258	15258
e03278-B	e03278-B	1	e03278-B_S388_L001_R1_001.fastq.gz	e03278-B_S388_L001_R2_001.fastq.gz	22718	22718	22477	22477	18370	18370	16004	15878	15878
e03278-C	e03278-C	1	e03278-C_S483_L001_R1_001.fastq.gz	e03278-C_S483_L001_R2_001.fastq.gz	21285	21285	21054	21054	13204	13204	10733	10686	10686
e03279-A	e03279-A	1	e03279-A_S294_L001_R1_001.fastq.gz	e03279-A_S294_L001_R2_001.fastq.gz	19584	19584	18147	18147	6610	6610	3691	3654	3654
e03279-B	e03279-B	1	e03279-B_S389_L001_R1_001.fastq.gz	e03279-B_S389_L001_R2_001.fastq.gz	18227	18227	18005	18005	15896	15896	12163	11938	11938
e03279-C	e03279-C	1	e03279-C_S484_L001_R1_001.fastq.gz	e03279-C_S484_L001_R2_001.fastq.gz	31794	31794	31438	31438	20995	20995	15432	15308	15308
e03280-A	e03280-A	1	e03280-A_S295_L001_R1_001.fastq.gz	e03280-A_S295_L001_R2_001.fastq.gz	4845	4845	4797	4797	43	43	19	19	19
e03280-B	e03280-B	1	e03280-B_S390_L001_R1_001.fastq.gz	e03280-B_S390_L001_R2_001.fastq.gz	6543	6543	6450	6450	62	62	15	15	15
e03280-C	e03280-C	1	e03280-C_S485_L001_R1_001.fastq.gz	e03280-C_S485_L001_R2_001.fastq.gz	10447	10447	10324	10324	103	103	22	22	22
e03281-A	e03281-A	1	e03281-A_S297_L001_R1_001.fastq.gz	e03281-A_S297_L001_R2_001.fastq.gz	18794	18794	18571	18571	3115	3115	2057	2022	2022
e03281-B	e03281-B	1	e03281-B_S392_L001_R1_001.fastq.gz	e03281-B_S392_L001_R2_001.fastq.gz	25328	25328	25060	25060	19606	19606	16685	16371	16371
e03281-C	e03281-C	1	e03281-C_S487_L001_R1_001.fastq.gz	e03281-C_S487_L001_R2_001.fastq.gz	16556	16556	16365	16365	9308	9308	8326	8246	8246
e03282-A	e03282-A	1	e03282-A_S298_L001_R1_001.fastq.gz	e03282-A_S298_L001_R2_001.fastq.gz	17087	17087	16886	16886	3419	3419	1600	1585	1585
e03282-B	e03282-B	1	e03282-B_S393_L001_R1_001.fastq.gz	e03282-B_S393_L001_R2_001.fastq.gz	19447	19447	19257	19257	16828	16828	12074	11736	11736
e03282-C	e03282-C	1	e03282-C_S488_L001_R1_001.fastq.gz	e03282-C_S488_L001_R2_001.fastq.gz	28198	28198	27902	27902	17982	17982	11098	10922	10922
e03283-A	e03283-A	1	e03283-A_S299_L001_R1_001.fastq.gz	e03283-A_S299_L001_R2_001.fastq.gz	20305	20305	20048	20048	4997	4997	3366	3320	3320
e03283-B	e03283-B	1	e03283-B_S394_L001_R1_001.fastq.gz	e03283-B_S394_L001_R2_001.fastq.gz	25795	25795	25512	25512	24170	24170	19011	18670	18670
e03283-C	e03283-C	1	e03283-C_S489_L001_R1_001.fastq.gz	e03283-C_S489_L001_R2_001.fastq.gz	21699	21699	21419	21419	6214	6214	3824	3793	3793
e03284-A	e03284-A	1	e03284-A_S300_L001_R1_001.fastq.gz	e03284-A_S300_L001_R2_001.fastq.gz	9671	9671	9556	9556	51	51	7	7	7
e03284-B	e03284-B	1	e03284-B_S395_L001_R1_001.fastq.gz	e03284-B_S395_L001_R2_001.fastq.gz	6794	6794	6716	6716	53	53	0	0	0
e03284-C	e03284-C	1	e03284-C_S490_L001_R1_001.fastq.gz	e03284-C_S490_L001_R2_001.fastq.gz	10692	10692	10575	10575	72	72	0	0	0
e03285-A	e03285-A	1	e03285-A_S302_L001_R1_001.fastq.gz	e03285-A_S302_L001_R2_001.fastq.gz	28273	28273	27957	27957	25147	25147	14508	14340	14340
e03285-B	e03285-B	1	e03285-B_S397_L001_R1_001.fastq.gz	e03285-B_S397_L001_R2_001.fastq.gz	44113	44113	43613	43613	34142	34142	29064	28712	28712
e03285-C	e03285-C	1	e03285-C_S492_L001_R1_001.fastq.gz	e03285-C_S492_L001_R2_001.fastq.gz	29715	29715	29364	29364	9728	9728	7306	7263	7263
e03286-A	e03286-A	1	e03286-A_S303_L001_R1_001.fastq.gz	e03286-A_S303_L001_R2_001.fastq.gz	25609	25609	25283	25283	17099	17099	10909	10803	10803
e03286-B	e03286-B	1	e03286-B_S398_L001_R1_001.fastq.gz	e03286-B_S398_L001_R2_001.fastq.gz	57498	57498	56886	56886	55764	55764	43302	42580	42580
e03286-C	e03286-C	1	e03286-C_S493_L001_R1_001.fastq.gz	e03286-C_S493_L001_R2_001.fastq.gz	33372	33372	32950	32950	14733	14733	11216	11121	11121
e03287-A	e03287-A	1	e03287-A_S304_L001_R1_001.fastq.gz	e03287-A_S304_L001_R2_001.fastq.gz	16206	16206	16021	16021	10386	10386	8093	7991	7991
e03287-B	e03287-B	1	e03287-B_S399_L001_R1_001.fastq.gz	e03287-B_S399_L001_R2_001.fastq.gz	48512	48512	47972	47972	43306	43306	36914	36313	36313
e03287-C	e03287-C	1	e03287-C_S494_L001_R1_001.fastq.gz	e03287-C_S494_L001_R2_001.fastq.gz	66999	66999	66240	66240	56742	56742	51131	50077	50077
e03288-A	e03288-A	1	e03288-A_S305_L001_R1_001.fastq.gz	e03288-A_S305_L001_R2_001.fastq.gz	12937	12937	12789	12789	34	34	7	7	7
e03288-B	e03288-B	1	e03288-B_S400_L001_R1_001.fastq.gz	e03288-B_S400_L001_R2_001.fastq.gz	13688	13688	13545	13545	54	54	1	1	1
e03288-C	e03288-C	1	e03288-C_S495_L001_R1_001.fastq.gz	e03288-C_S495_L001_R2_001.fastq.gz	21256	21256	21004	21004	5987	5987	2	2	2
e03289-A	e03289-A	1	e03289-A_S307_L001_R1_001.fastq.gz	e03289-A_S307_L001_R2_001.fastq.gz	15613	15613	15396	15396	1775	1775	1286	1284	1284
e03289-B	e03289-B	1	e03289-B_S402_L001_R1_001.fastq.gz	e03289-B_S402_L001_R2_001.fastq.gz	70302	70302	69510	69510	65246	65246	55102	54436	54436
e03289-C	e03289-C	1	e03289-C_S497_L001_R1_001.fastq.gz	e03289-C_S497_L001_R2_001.fastq.gz	61339	61339	60650	60650	45100	45100	40242	39899	39899
e03290-A	e03290-A	1	e03290-A_S308_L001_R1_001.fastq.gz	e03290-A_S308_L001_R2_001.fastq.gz	15739	15739	15557	15557	13860	13860	9397	9313	9313
e03290-B	e03290-B	1	e03290-B_S403_L001_R1_001.fastq.gz	e03290-B_S403_L001_R2_001.fastq.gz	49067	49067	48549	48549	47032	47032	29469	28846	28846
e03290-C	e03290-C	1	e03290-C_S498_L001_R1_001.fastq.gz	e03290-C_S498_L001_R2_001.fastq.gz	57982	57982	57315	57315	49561	49561	40921	39875	39875
e03291-A	e03291-A	1	e03291-A_S309_L001_R1_001.fastq.gz	e03291-A_S309_L001_R2_001.fastq.gz	17572	17572	17364	17364	10013	10013	7863	7750	7750
e03291-B	e03291-B	1	e03291-B_S404_L001_R1_001.fastq.gz	e03291-B_S404_L001_R2_001.fastq.gz	15019	15019	14792	14792	964	964	760	756	756
e03291-C	e03291-C	1	e03291-C_S499_L001_R1_001.fastq.gz	e03291-C_S499_L001_R2_001.fastq.gz	23802	23802	23428	23428	6465	6465	5278	5224	5224
e03292-A	e03292-A	1	e03292-A_S310_L001_R1_001.fastq.gz	e03292-A_S310_L001_R2_001.fastq.gz	15097	15097	14919	14919	183	183	14	11	11
e03292-B	e03292-B	1	e03292-B_S405_L001_R1_001.fastq.gz	e03292-B_S405_L001_R2_001.fastq.gz	13639	13639	13451	13451	66	66	10	10	10
e03292-C	e03292-C	1	e03292-C_S500_L001_R1_001.fastq.gz	e03292-C_S500_L001_R2_001.fastq.gz	13425	13425	13134	13134	85	85	20	20	20
e03293-A	e03293-A	1	e03293-A_S312_L001_R1_001.fastq.gz	e03293-A_S312_L001_R2_001.fastq.gz	15531	15531	15346	15346	6291	6291	5460	5457	4866
e03293-B	e03293-B	1	e03293-B_S407_L001_R1_001.fastq.gz	e03293-B_S407_L001_R2_001.fastq.gz	20770	20770	20536	20536	18319	18319	15862	15683	15683
e03293-C	e03293-C	1	e03293-C_S502_L001_R1_001.fastq.gz	e03293-C_S502_L001_R2_001.fastq.gz	30712	30712	30340	30340	28318	28318	24169	24088	24088
e03294-A	e03294-A	1	e03294-A_S313_L001_R1_001.fastq.gz	e03294-A_S313_L001_R2_001.fastq.gz	16597	16597	16309	16309	647	647	423	422	422
e03294-B	e03294-B	1	e03294-B_S408_L001_R1_001.fastq.gz	e03294-B_S408_L001_R2_001.fastq.gz	34427	34427	34025	34025	28166	28166	23463	23244	23244
e03294-C	e03294-C	1	e03294-C_S503_L001_R1_001.fastq.gz	e03294-C_S503_L001_R2_001.fastq.gz	32880	32880	32476	32476	17163	17163	15674	15503	15503
e03295-A	e03295-A	1	e03295-A_S314_L001_R1_001.fastq.gz	e03295-A_S314_L001_R2_001.fastq.gz	16697	16697	16196	16196	2969	2969	2447	2436	2436
e03295-B	e03295-B	1	e03295-B_S409_L001_R1_001.fastq.gz	e03295-B_S409_L001_R2_001.fastq.gz	22929	22929	22665	22665	16332	16332	13531	13354	13354
e03295-C	e03295-C	1	e03295-C_S504_L001_R1_001.fastq.gz	e03295-C_S504_L001_R2_001.fastq.gz	50633	50633	50030	50030	32055	32055	28814	28421	28421
e03296-A	e03296-A	1	e03296-A_S315_L001_R1_001.fastq.gz	e03296-A_S315_L001_R2_001.fastq.gz	21603	21603	21102	21102	161	161	12	12	12
e03296-B	e03296-B	1	e03296-B_S410_L001_R1_001.fastq.gz	e03296-B_S410_L001_R2_001.fastq.gz	14111	14111	13856	13856	98	98	1	1	1
e03296-C	e03296-C	1	e03296-C_S505_L001_R1_001.fastq.gz	e03296-C_S505_L001_R2_001.fastq.gz	17594	17594	17388	17388	884	884	812	812	812
e03297-A	e03297-A	1	e03297-A_S317_L001_R1_001.fastq.gz	e03297-A_S317_L001_R2_001.fastq.gz	26032	26032	25754	25754	14110	14110	11168	10955	10955
e03297-B	e03297-B	1	e03297-B_S412_L001_R1_001.fastq.gz	e03297-B_S412_L001_R2_001.fastq.gz	26128	26128	25833	25833	20865	20865	17734	17522	17522
e03297-C	e03297-C	1	e03297-C_S507_L001_R1_001.fastq.gz	e03297-C_S507_L001_R2_001.fastq.gz	36522	36522	36145	36145	17450	17450	14183	14051	14051
e03298-A	e03298-A	1	e03298-A_S318_L001_R1_001.fastq.gz	e03298-A_S318_L001_R2_001.fastq.gz	23118	23118	22834	22834	16362	16362	12350	12200	12200
e03298-B	e03298-B	1	e03298-B_S413_L001_R1_001.fastq.gz	e03298-B_S413_L001_R2_001.fastq.gz	24008	24008	23749	23749	20013	20013	18113	17893	17893
e03298-C	e03298-C	1	e03298-C_S508_L001_R1_001.fastq.gz	e03298-C_S508_L001_R2_001.fastq.gz	26429	26429	26092	26092	12660	12660	10492	10430	10430
e03299-A	e03299-A	1	e03299-A_S319_L001_R1_001.fastq.gz	e03299-A_S319_L001_R2_001.fastq.gz	35617	35617	35207	35207	34640	34640	28342	27661	27661
e03299-B	e03299-B	1	e03299-B_S414_L001_R1_001.fastq.gz	e03299-B_S414_L001_R2_001.fastq.gz	28309	28309	27554	27554	11978	11978	10798	10651	10651
e03299-C	e03299-C	1	e03299-C_S509_L001_R1_001.fastq.gz	e03299-C_S509_L001_R2_001.fastq.gz	47807	47807	47241	47241	31569	31569	26474	25983	24829
e03300-A	e03300-A	1	e03300-A_S320_L001_R1_001.fastq.gz	e03300-A_S320_L001_R2_001.fastq.gz	11733	11733	11595	11595	69	69	22	22	22
e03300-B	e03300-B	1	e03300-B_S415_L001_R1_001.fastq.gz	e03300-B_S415_L001_R2_001.fastq.gz	13495	13495	13349	13349	56	56	3	3	3
e03300-C	e03300-C	1	e03300-C_S510_L001_R1_001.fastq.gz	e03300-C_S510_L001_R2_001.fastq.gz	19270	19270	19036	19036	54	54	1	1	1
e03301-A	e03301-A	1	e03301-A_S322_L001_R1_001.fastq.gz	e03301-A_S322_L001_R2_001.fastq.gz	21393	21393	21161	21161	12385	12385	8406	8368	8368
e03301-B	e03301-B	1	e03301-B_S417_L001_R1_001.fastq.gz	e03301-B_S417_L001_R2_001.fastq.gz	16481	16481	16268	16268	11611	11611	6487	6468	6468
e03301-C	e03301-C	1	e03301-C_S512_L001_R1_001.fastq.gz	e03301-C_S512_L001_R2_001.fastq.gz	23059	23059	22171	22171	10650	10650	10253	10101	10101
e03302-A	e03302-A	1	e03302-A_S323_L001_R1_001.fastq.gz	e03302-A_S323_L001_R2_001.fastq.gz	19432	19432	19219	19219	9989	9989	6326	6265	6265
e03302-B	e03302-B	1	e03302-B_S418_L001_R1_001.fastq.gz	e03302-B_S418_L001_R2_001.fastq.gz	13575	13575	13433	13433	8190	8190	4990	4950	4950
e03302-C	e03302-C	1	e03302-C_S513_L001_R1_001.fastq.gz	e03302-C_S513_L001_R2_001.fastq.gz	27524	27524	27190	27190	9398	9398	6710	6673	6673
e03303-A	e03303-A	1	e03303-A_S324_L001_R1_001.fastq.gz	e03303-A_S324_L001_R2_001.fastq.gz	17970	17970	17788	17788	10359	10359	5420	5387	5387
e03303-B	e03303-B	1	e03303-B_S419_L001_R1_001.fastq.gz	e03303-B_S419_L001_R2_001.fastq.gz	10191	10191	10079	10079	3212	3212	1494	1482	1482
e03303-C	e03303-C	1	e03303-C_S514_L001_R1_001.fastq.gz	e03303-C_S514_L001_R2_001.fastq.gz	31876	31876	30547	30547	15492	15492	12047	11961	11961
e03304-A	e03304-A	1	e03304-A_S325_L001_R1_001.fastq.gz	e03304-A_S325_L001_R2_001.fastq.gz	12570	12570	12409	12409	51	51	0	0	0
e03304-B	e03304-B	1	e03304-B_S420_L001_R1_001.fastq.gz	e03304-B_S420_L001_R2_001.fastq.gz	16557	16557	16381	16381	59	59	0	0	0
e03304-C	e03304-C	1	e03304-C_S515_L001_R1_001.fastq.gz	e03304-C_S515_L001_R2_001.fastq.gz	6624	6624	6550	6550	28	28	0	0	0
e03305-A	e03305-A	1	e03305-A_S327_L001_R1_001.fastq.gz	e03305-A_S327_L001_R2_001.fastq.gz	18129	18129	17619	17619	1125	1125	555	554	554
e03305-B	e03305-B	1	e03305-B_S422_L001_R1_001.fastq.gz	e03305-B_S422_L001_R2_001.fastq.gz	11221	11221	11068	11068	838	838	387	385	385
e03305-C	e03305-C	1	e03305-C_S517_L001_R1_001.fastq.gz	e03305-C_S517_L001_R2_001.fastq.gz	14543	14543	14378	14378	10810	10810	7262	7213	7208
e03306-A	e03306-A	1	e03306-A_S328_L001_R1_001.fastq.gz	e03306-A_S328_L001_R2_001.fastq.gz	17308	17308	17087	17087	2593	2593	1530	1505	1505
e03306-B	e03306-B	1	e03306-B_S423_L001_R1_001.fastq.gz	e03306-B_S423_L001_R2_001.fastq.gz	18058	18058	17848	17848	15696	15696	8749	8616	8616
e03306-C	e03306-C	1	e03306-C_S518_L001_R1_001.fastq.gz	e03306-C_S518_L001_R2_001.fastq.gz	14259	14259	14104	14104	10834	10834	8880	8795	8795
e03307-A	e03307-A	1	e03307-A_S329_L001_R1_001.fastq.gz	e03307-A_S329_L001_R2_001.fastq.gz	30045	30045	29702	29702	16765	16765	12347	12171	12171
e03307-B	e03307-B	1	e03307-B_S424_L001_R1_001.fastq.gz	e03307-B_S424_L001_R2_001.fastq.gz	19447	19447	19249	19249	10279	10279	6742	6600	6590
e03307-C	e03307-C	1	e03307-C_S519_L001_R1_001.fastq.gz	e03307-C_S519_L001_R2_001.fastq.gz	13538	13538	13373	13373	10162	10162	7290	7254	7254
e03308-A	e03308-A	1	e03308-A_S330_L001_R1_001.fastq.gz	e03308-A_S330_L001_R2_001.fastq.gz	11306	11306	11129	11129	49	49	6	6	6
e03308-B	e03308-B	1	e03308-B_S425_L001_R1_001.fastq.gz	e03308-B_S425_L001_R2_001.fastq.gz	6835	6835	6744	6744	46	46	19	19	19
e03308-C	e03308-C	1	e03308-C_S520_L001_R1_001.fastq.gz	e03308-C_S520_L001_R2_001.fastq.gz	6375	6375	6298	6298	50	50	18	18	18
e03309-A	e03309-A	1	e03309-A_S332_L001_R1_001.fastq.gz	e03309-A_S332_L001_R2_001.fastq.gz	20224	20224	19942	19942	3246	3246	2291	2274	2274
e03309-B	e03309-B	1	e03309-B_S427_L001_R1_001.fastq.gz	e03309-B_S427_L001_R2_001.fastq.gz	22977	22977	22752	22752	18131	18131	12177	12004	12004
e03309-C	e03309-C	1	e03309-C_S522_L001_R1_001.fastq.gz	e03309-C_S522_L001_R2_001.fastq.gz	13726	13726	13563	13563	8444	8444	6905	6875	6875
e03310-A	e03310-A	1	e03310-A_S333_L001_R1_001.fastq.gz	e03310-A_S333_L001_R2_001.fastq.gz	22933	22933	22669	22669	19164	19164	15776	15447	15447
e03310-B	e03310-B	1	e03310-B_S428_L001_R1_001.fastq.gz	e03310-B_S428_L001_R2_001.fastq.gz	13253	13253	13103	13103	5642	5642	5111	5040	5040
e03310-C	e03310-C	1	e03310-C_S523_L001_R1_001.fastq.gz	e03310-C_S523_L001_R2_001.fastq.gz	68504	68504	67753	67753	57240	57240	52977	51977	51977
e03311-A	e03311-A	1	e03311-A_S334_L001_R1_001.fastq.gz	e03311-A_S334_L001_R2_001.fastq.gz	20966	20966	20718	20718	17850	17850	16271	16104	16104
e03311-B	e03311-B	1	e03311-B_S429_L001_R1_001.fastq.gz	e03311-B_S429_L001_R2_001.fastq.gz	7610	7610	7458	7458	1097	1097	930	928	928
e03311-C	e03311-C	1	e03311-C_S524_L001_R1_001.fastq.gz	e03311-C_S524_L001_R2_001.fastq.gz	23364	23364	23066	23066	17221	17221	15833	15631	15631
e03312-A	e03312-A	1	e03312-A_S335_L001_R1_001.fastq.gz	e03312-A_S335_L001_R2_001.fastq.gz	7375	7375	7283	7283	16	16	0	0	0
e03312-B	e03312-B	1	e03312-B_S430_L001_R1_001.fastq.gz	e03312-B_S430_L001_R2_001.fastq.gz	6809	6809	6725	6725	38	38	1	1	1
e03312-C	e03312-C	1	e03312-C_S525_L001_R1_001.fastq.gz	e03312-C_S525_L001_R2_001.fastq.gz	9931	9931	9805	9805	45	45	0	0	0
e03313-A	e03313-A	1	e03313-A_S337_L001_R1_001.fastq.gz	e03313-A_S337_L001_R2_001.fastq.gz	13516	13516	13265	13265	917	917	672	669	669
e03313-B	e03313-B	1	e03313-B_S432_L001_R1_001.fastq.gz	e03313-B_S432_L001_R2_001.fastq.gz	11125	11125	11001	11001	7046	7046	6092	5949	5949
e03313-C	e03313-C	1	e03313-C_S527_L001_R1_001.fastq.gz	e03313-C_S527_L001_R2_001.fastq.gz	25588	25588	25285	25285	16248	16248	14667	14464	14464
e03314-A	e03314-A	1	e03314-A_S338_L001_R1_001.fastq.gz	e03314-A_S338_L001_R2_001.fastq.gz	17410	17410	17185	17185	2308	2308	2066	2053	2053
e03314-B	e03314-B	1	e03314-B_S433_L001_R1_001.fastq.gz	e03314-B_S433_L001_R2_001.fastq.gz	16292	16292	16104	16104	12681	12681	11579	11363	11363
e03314-C	e03314-C	1	e03314-C_S528_L001_R1_001.fastq.gz	e03314-C_S528_L001_R2_001.fastq.gz	17350	17350	16499	16499	12725	12725	11682	11582	11582
e03315-A	e03315-A	1	e03315-A_S339_L001_R1_001.fastq.gz	e03315-A_S339_L001_R2_001.fastq.gz	15859	15859	15512	15512	419	419	275	275	275
e03315-B	e03315-B	1	e03315-B_S434_L001_R1_001.fastq.gz	e03315-B_S434_L001_R2_001.fastq.gz	8694	8694	8547	8547	244	244	141	141	141
e03315-C	e03315-C	1	e03315-C_S529_L001_R1_001.fastq.gz	e03315-C_S529_L001_R2_001.fastq.gz	9803	9803	9479	9479	1171	1171	1029	1025	1025
e03316-A	e03316-A	1	e03316-A_S340_L001_R1_001.fastq.gz	e03316-A_S340_L001_R2_001.fastq.gz	4126	4126	4065	4065	34	34	1	1	1
e03316-B	e03316-B	1	e03316-B_S435_L001_R1_001.fastq.gz	e03316-B_S435_L001_R2_001.fastq.gz	11007	11007	10872	10872	58	58	10	10	10
e03316-C	e03316-C	1	e03316-C_S530_L001_R1_001.fastq.gz	e03316-C_S530_L001_R2_001.fastq.gz	4380	4380	4330	4330	59	59	4	4	4
e03317-A	e03317-A	1	e03317-A_S342_L001_R1_001.fastq.gz	e03317-A_S342_L001_R2_001.fastq.gz	22328	22328	22030	22030	20587	20587	2941	2941	2927
e03317-B	e03317-B	1	e03317-B_S437_L001_R1_001.fastq.gz	e03317-B_S437_L001_R2_001.fastq.gz	14226	14226	13714	13714	8194	8194	549	549	549
e03317-C	e03317-C	1	e03317-C_S532_L001_R1_001.fastq.gz	e03317-C_S532_L001_R2_001.fastq.gz	6093	6093	6011	6011	1487	1487	345	345	345
e03318-A	e03318-A	1	e03318-A_S343_L001_R1_001.fastq.gz	e03318-A_S343_L001_R2_001.fastq.gz	17824	17824	17486	17486	12846	12846	8057	7994	7994
e03318-B	e03318-B	1	e03318-B_S438_L001_R1_001.fastq.gz	e03318-B_S438_L001_R2_001.fastq.gz	9916	9916	8826	8826	3740	3740	1793	1790	1790
e03318-C	e03318-C	1	e03318-C_S533_L001_R1_001.fastq.gz	e03318-C_S533_L001_R2_001.fastq.gz	7590	7590	7501	7501	4756	4756	3502	3498	3498
e03319-A	e03319-A	1	e03319-A_S344_L001_R1_001.fastq.gz	e03319-A_S344_L001_R2_001.fastq.gz	13455	13455	13280	13280	11936	11936	3440	3440	3440
e03319-B	e03319-B	1	e03319-B_S439_L001_R1_001.fastq.gz	e03319-B_S439_L001_R2_001.fastq.gz	9868	9868	9580	9580	6952	6952	0	0	0
e03319-C	e03319-C	1	e03319-C_S534_L001_R1_001.fastq.gz	e03319-C_S534_L001_R2_001.fastq.gz	7637	7637	7532	7532	6641	6641	5295	5289	5289
e03320-A	e03320-A	1	e03320-A_S345_L001_R1_001.fastq.gz	e03320-A_S345_L001_R2_001.fastq.gz	1455	1455	1409	1409	47	47	0	0	0
e03320-B	e03320-B	1	e03320-B_S440_L001_R1_001.fastq.gz	e03320-B_S440_L001_R2_001.fastq.gz	5843	5843	5767	5767	117	117	4	4	4
e03320-C	e03320-C	1	e03320-C_S535_L001_R1_001.fastq.gz	e03320-C_S535_L001_R2_001.fastq.gz	3996	3996	3934	3934	91	91	14	14	14
e03321-A	e03321-A	1	e03321-A_S347_L001_R1_001.fastq.gz	e03321-A_S347_L001_R2_001.fastq.gz	19377	19377	19149	19149	8556	8556	4697	4688	4688
e03321-B	e03321-B	1	e03321-B_S442_L001_R1_001.fastq.gz	e03321-B_S442_L001_R2_001.fastq.gz	19249	19249	19045	19045	13994	13994	9054	8983	8983
e03321-C	e03321-C	1	e03321-C_S537_L001_R1_001.fastq.gz	e03321-C_S537_L001_R2_001.fastq.gz	9235	9235	9127	9127	7012	7012	5527	5490	5490
e03322-A	e03322-A	1	e03322-A_S348_L001_R1_001.fastq.gz	e03322-A_S348_L001_R2_001.fastq.gz	28173	28173	27882	27882	26672	26672	15359	15118	15118
e03322-B	e03322-B	1	e03322-B_S443_L001_R1_001.fastq.gz	e03322-B_S443_L001_R2_001.fastq.gz	24470	24470	24201	24201	20067	20067	6308	6239	6239
e03322-C	e03322-C	1	e03322-C_S538_L001_R1_001.fastq.gz	e03322-C_S538_L001_R2_001.fastq.gz	5561	5561	5489	5489	2162	2162	1444	1441	1441
e03323-A	e03323-A	1	e03323-A_S349_L001_R1_001.fastq.gz	e03323-A_S349_L001_R2_001.fastq.gz	31873	31873	31518	31518	28472	28472	15305	15100	15100
e03323-B	e03323-B	1	e03323-B_S444_L001_R1_001.fastq.gz	e03323-B_S444_L001_R2_001.fastq.gz	16609	16609	16401	16401	2711	2711	1581	1581	1581
e03323-C	e03323-C	1	e03323-C_S539_L001_R1_001.fastq.gz	e03323-C_S539_L001_R2_001.fastq.gz	35100	35100	34732	34732	25364	25364	19868	19693	19693
e03324-A	e03324-A	1	e03324-A_S350_L001_R1_001.fastq.gz	e03324-A_S350_L001_R2_001.fastq.gz	14920	14920	14736	14736	135	135	0	0	0
e03324-B	e03324-B	1	e03324-B_S445_L001_R1_001.fastq.gz	e03324-B_S445_L001_R2_001.fastq.gz	8639	8639	8494	8494	228	228	2	2	2
e03324-C	e03324-C	1	e03324-C_S540_L001_R1_001.fastq.gz	e03324-C_S540_L001_R2_001.fastq.gz	14874	14874	14688	14688	70	70	1	1	1
e03325-A	e03325-A	1	e03325-A_S352_L001_R1_001.fastq.gz	e03325-A_S352_L001_R2_001.fastq.gz	31156	31156	30811	30811	28894	28894	24009	23814	23814
e03325-B	e03325-B	1	e03325-B_S447_L001_R1_001.fastq.gz	e03325-B_S447_L001_R2_001.fastq.gz	12701	12701	12558	12558	9895	9895	8285	8222	8222
e03325-C	e03325-C	1	e03325-C_S542_L001_R1_001.fastq.gz	e03325-C_S542_L001_R2_001.fastq.gz	17516	17516	17297	17297	15625	15625	14408	14349	14349
e03326-A	e03326-A	1	e03326-A_S353_L001_R1_001.fastq.gz	e03326-A_S353_L001_R2_001.fastq.gz	31921	31921	31546	31546	22360	22360	19845	19671	19671
e03326-B	e03326-B	1	e03326-B_S448_L001_R1_001.fastq.gz	e03326-B_S448_L001_R2_001.fastq.gz	8832	8832	8695	8695	2057	2057	1673	1669	1669
e03326-C	e03326-C	1	e03326-C_S543_L001_R1_001.fastq.gz	e03326-C_S543_L001_R2_001.fastq.gz	18263	18263	18071	18071	14972	14972	14080	13972	13972
e03327-A	e03327-A	1	e03327-A_S354_L001_R1_001.fastq.gz	e03327-A_S354_L001_R2_001.fastq.gz	32954	32954	32599	32599	31704	31704	27846	27414	27414
e03327-B	e03327-B	1	e03327-B_S449_L001_R1_001.fastq.gz	e03327-B_S449_L001_R2_001.fastq.gz	16472	16472	16297	16297	14395	14395	12228	12122	12122
e03327-C	e03327-C	1	e03327-C_S544_L001_R1_001.fastq.gz	e03327-C_S544_L001_R2_001.fastq.gz	18215	18215	17997	17997	17811	17811	17081	16888	16888
e03328-A	e03328-A	1	e03328-A_S355_L001_R1_001.fastq.gz	e03328-A_S355_L001_R2_001.fastq.gz	14125	14125	13960	13960	64	64	6	6	6
e03328-B	e03328-B	1	e03328-B_S450_L001_R1_001.fastq.gz	e03328-B_S450_L001_R2_001.fastq.gz	7655	7655	7556	7556	302	302	129	129	129
e03328-C	e03328-C	1	e03328-C_S545_L001_R1_001.fastq.gz	e03328-C_S545_L001_R2_001.fastq.gz	8170	8170	8068	8068	110	110	9	9	9
e03329-A	e03329-A	1	e03329-A_S357_L001_R1_001.fastq.gz	e03329-A_S357_L001_R2_001.fastq.gz	31635	31635	31309	31309	30069	30069	24560	24023	24023
e03329-B	e03329-B	1	e03329-B_S452_L001_R1_001.fastq.gz	e03329-B_S452_L001_R2_001.fastq.gz	36490	36490	36072	36072	26329	26329	22749	22336	22336
e03329-C	e03329-C	1	e03329-C_S547_L001_R1_001.fastq.gz	e03329-C_S547_L001_R2_001.fastq.gz	43613	43613	43083	43083	39399	39399	36888	36196	36196
e03330-A	e03330-A	1	e03330-A_S358_L001_R1_001.fastq.gz	e03330-A_S358_L001_R2_001.fastq.gz	28162	28162	27852	27852	27545	27545	23193	22817	22817
e03330-B	e03330-B	1	e03330-B_S453_L001_R1_001.fastq.gz	e03330-B_S453_L001_R2_001.fastq.gz	23099	23099	22863	22863	20168	20168	17752	17424	17424
e03330-C	e03330-C	1	e03330-C_S548_L001_R1_001.fastq.gz	e03330-C_S548_L001_R2_001.fastq.gz	30863	30863	30502	30502	24545	24545	22443	22147	22147
e03331-A	e03331-A	1	e03331-A_S359_L001_R1_001.fastq.gz	e03331-A_S359_L001_R2_001.fastq.gz	41514	41514	41075	41075	40375	40375	35733	35003	35003
e03331-B	e03331-B	1	e03331-B_S454_L001_R1_001.fastq.gz	e03331-B_S454_L001_R2_001.fastq.gz	29234	29234	28910	28910	24872	24872	23206	22695	22695
e03331-C	e03331-C	1	e03331-C_S549_L001_R1_001.fastq.gz	e03331-C_S549_L001_R2_001.fastq.gz	52747	52747	52131	52131	47091	47091	43902	42777	42777
e03332-A	e03332-A	1	e03332-A_S360_L001_R1_001.fastq.gz	e03332-A_S360_L001_R2_001.fastq.gz	5122	5122	5074	5074	27	27	1	1	1
e03332-B	e03332-B	1	e03332-B_S455_L001_R1_001.fastq.gz	e03332-B_S455_L001_R2_001.fastq.gz	5607	5607	5545	5545	32	32	0	0	0
e03332-C	e03332-C	1	e03332-C_S550_L001_R1_001.fastq.gz	e03332-C_S550_L001_R2_001.fastq.gz	11176	11176	11072	11072	38	38	0	0	0
e03333-A	e03333-A	1	e03333-A_S362_L001_R1_001.fastq.gz	e03333-A_S362_L001_R2_001.fastq.gz	18328	18328	18124	18124	2744	2744	1500	1498	1498
e03333-B	e03333-B	1	e03333-B_S457_L001_R1_001.fastq.gz	e03333-B_S457_L001_R2_001.fastq.gz	23053	23053	22792	22792	17187	17187	8391	8374	8374
e03333-C	e03333-C	1	e03333-C_S552_L001_R1_001.fastq.gz	e03333-C_S552_L001_R2_001.fastq.gz	75163	75163	74242	74242	58856	58856	47850	47541	47541
e03334-A	e03334-A	1	e03334-A_S363_L001_R1_001.fastq.gz	e03334-A_S363_L001_R2_001.fastq.gz	40155	40155	39674	39674	34360	34360	28630	28333	28320
e03334-B	e03334-B	1	e03334-B_S458_L001_R1_001.fastq.gz	e03334-B_S458_L001_R2_001.fastq.gz	23948	23948	23682	23682	11079	11079	7375	7359	7347
e03334-C	e03334-C	1	e03334-C_S553_L001_R1_001.fastq.gz	e03334-C_S553_L001_R2_001.fastq.gz	51501	51501	50870	50870	35255	35255	31235	30733	30733
e03335-A	e03335-A	1	e03335-A_S364_L001_R1_001.fastq.gz	e03335-A_S364_L001_R2_001.fastq.gz	27760	27760	27490	27490	24879	24879	14031	14008	14008
e03335-B	e03335-B	1	e03335-B_S459_L001_R1_001.fastq.gz	e03335-B_S459_L001_R2_001.fastq.gz	21929	21929	21706	21706	12578	12578	5672	5596	5596
e03335-C	e03335-C	1	e03335-C_S554_L001_R1_001.fastq.gz	e03335-C_S554_L001_R2_001.fastq.gz	37037	37037	36633	36633	16396	16396	13493	13440	13440
e03336-A	e03336-A	1	e03336-A_S365_L001_R1_001.fastq.gz	e03336-A_S365_L001_R2_001.fastq.gz	7045	7045	6983	6983	57	57	4	4	4
e03336-B	e03336-B	1	e03336-B_S460_L001_R1_001.fastq.gz	e03336-B_S460_L001_R2_001.fastq.gz	6982	6982	6906	6906	42	42	2	2	2
e03336-C	e03336-C	1	e03336-C_S555_L001_R1_001.fastq.gz	e03336-C_S555_L001_R2_001.fastq.gz	6369	6369	4778	4778	122	122	9	9	9
e03337-A	e03337-A	1	e03337-A_S367_L001_R1_001.fastq.gz	e03337-A_S367_L001_R2_001.fastq.gz	22004	22004	21759	21759	20803	20803	10913	10750	10750
e03337-B	e03337-B	1	e03337-B_S462_L001_R1_001.fastq.gz	e03337-B_S462_L001_R2_001.fastq.gz	21773	21773	21539	21539	17598	17598	9612	9448	9448
e03337-C	e03337-C	1	e03337-C_S557_L001_R1_001.fastq.gz	e03337-C_S557_L001_R2_001.fastq.gz	15791	15791	15612	15612	13133	13133	9904	9785	9785
e03338-A	e03338-A	1	e03338-A_S368_L001_R1_001.fastq.gz	e03338-A_S368_L001_R2_001.fastq.gz	20963	20963	20726	20726	19866	19866	4370	4368	4368
e03338-B	e03338-B	1	e03338-B_S463_L001_R1_001.fastq.gz	e03338-B_S463_L001_R2_001.fastq.gz	18510	18510	18316	18316	17410	17410	3532	3532	3532
e03338-C	e03338-C	1	e03338-C_S558_L001_R1_001.fastq.gz	e03338-C_S558_L001_R2_001.fastq.gz	13526	13526	13371	13371	12800	12800	6984	6877	6877
e03339-A	e03339-A	1	e03339-A_S369_L001_R1_001.fastq.gz	e03339-A_S369_L001_R2_001.fastq.gz	24660	24660	24403	24403	22962	22962	5636	5626	5626
e03339-B	e03339-B	1	e03339-B_S464_L001_R1_001.fastq.gz	e03339-B_S464_L001_R2_001.fastq.gz	27186	27186	26885	26885	16839	16839	3253	3252	3252
e03339-C	e03339-C	1	e03339-C_S559_L001_R1_001.fastq.gz	e03339-C_S559_L001_R2_001.fastq.gz	11083	11083	10942	10942	7514	7514	4467	4441	4441
e03340-A	e03340-A	1	e03340-A_S370_L001_R1_001.fastq.gz	e03340-A_S370_L001_R2_001.fastq.gz	3885	3885	3845	3845	51	51	1	1	1
e03340-B	e03340-B	1	e03340-B_S465_L001_R1_001.fastq.gz	e03340-B_S465_L001_R2_001.fastq.gz	7808	7808	7720	7720	33	33	0	0	0
e03340-C	e03340-C	1	e03340-C_S560_L001_R1_001.fastq.gz	e03340-C_S560_L001_R2_001.fastq.gz	4825	4825	4775	4775	29	29	0	0	0
e03341-A	e03341-A	1	e03341-A_S291_L001_R1_001.fastq.gz	e03341-A_S291_L001_R2_001.fastq.gz	14832	14832	14660	14660	54	54	1	1	1
e03341-B	e03341-B	1	e03341-B_S386_L001_R1_001.fastq.gz	e03341-B_S386_L001_R2_001.fastq.gz	8807	8807	8714	8714	63	63	7	7	7
e03341-C	e03341-C	1	e03341-C_S481_L001_R1_001.fastq.gz	e03341-C_S481_L001_R2_001.fastq.gz	12878	12878	12742	12742	75	75	3	3	3
e03342-A	e03342-A	1	e03342-A_S296_L001_R1_001.fastq.gz	e03342-A_S296_L001_R2_001.fastq.gz	12284	12284	11962	11962	31	31	0	0	0
e03342-B	e03342-B	1	e03342-B_S391_L001_R1_001.fastq.gz	e03342-B_S391_L001_R2_001.fastq.gz	4648	4648	4585	4585	28	28	4	4	4
e03342-C	e03342-C	1	e03342-C_S486_L001_R1_001.fastq.gz	e03342-C_S486_L001_R2_001.fastq.gz	10483	10483	10346	10346	86	86	5	5	5
e03343-A	e03343-A	1	e03343-A_S316_L001_R1_001.fastq.gz	e03343-A_S316_L001_R2_001.fastq.gz	8928	8928	8634	8634	35	35	0	0	0
e03343-B	e03343-B	1	e03343-B_S411_L001_R1_001.fastq.gz	e03343-B_S411_L001_R2_001.fastq.gz	12790	12790	12658	12658	63	63	3	3	3
e03343-C	e03343-C	1	e03343-C_S506_L001_R1_001.fastq.gz	e03343-C_S506_L001_R2_001.fastq.gz	17530	17530	17330	17330	108	108	3	3	3
e03344-A	e03344-A	1	e03344-A_S321_L001_R1_001.fastq.gz	e03344-A_S321_L001_R2_001.fastq.gz	1932	1932	1905	1905	3	3	0	0	0
e03344-B	e03344-B	1	e03344-B_S416_L001_R1_001.fastq.gz	e03344-B_S416_L001_R2_001.fastq.gz	1717	1717	1681	1681	13	13	1	1	1
e03344-C	e03344-C	1	e03344-C_S511_L001_R1_001.fastq.gz	e03344-C_S511_L001_R2_001.fastq.gz	785	785	775	775	49	49	0	0	0
e03345-A	e03345-A	1	e03345-A_S326_L001_R1_001.fastq.gz	e03345-A_S326_L001_R2_001.fastq.gz	9673	9673	9563	9563	44	44	0	0	0
e03345-B	e03345-B	1	e03345-B_S421_L001_R1_001.fastq.gz	e03345-B_S421_L001_R2_001.fastq.gz	7692	7692	7611	7611	36	36	1	1	1
e03345-C	e03345-C	1	e03345-C_S516_L001_R1_001.fastq.gz	e03345-C_S516_L001_R2_001.fastq.gz	6888	6888	6826	6826	50	50	3	3	3
e03346-A	e03346-A	1	e03346-A_S331_L001_R1_001.fastq.gz	e03346-A_S331_L001_R2_001.fastq.gz	11039	11039	10903	10903	48	48	0	0	0
e03346-B	e03346-B	1	e03346-B_S426_L001_R1_001.fastq.gz	e03346-B_S426_L001_R2_001.fastq.gz	8301	8301	8038	8038	80	80	0	0	0
e03346-C	e03346-C	1	e03346-C_S521_L001_R1_001.fastq.gz	e03346-C_S521_L001_R2_001.fastq.gz	6220	6220	6161	6161	47	47	0	0	0
e03347-A	e03347-A	1	e03347-A_S341_L001_R1_001.fastq.gz	e03347-A_S341_L001_R2_001.fastq.gz	5914	5914	5851	5851	44	44	5	5	5
e03347-B	e03347-B	1	e03347-B_S436_L001_R1_001.fastq.gz	e03347-B_S436_L001_R2_001.fastq.gz	14458	14458	14311	14311	78	78	7	7	7
e03347-C	e03347-C	1	e03347-C_S531_L001_R1_001.fastq.gz	e03347-C_S531_L001_R2_001.fastq.gz	5318	5318	5258	5258	76	76	19	19	19
e03348-A	e03348-A	1	e03348-A_S351_L001_R1_001.fastq.gz	e03348-A_S351_L001_R2_001.fastq.gz	14641	14641	14463	14463	55	55	9	9	9
e03348-B	e03348-B	1	e03348-B_S446_L001_R1_001.fastq.gz	e03348-B_S446_L001_R2_001.fastq.gz	7303	7303	7111	7111	39	39	17	17	17
e03348-C	e03348-C	1	e03348-C_S541_L001_R1_001.fastq.gz	e03348-C_S541_L001_R2_001.fastq.gz	13295	13295	13124	13124	121	121	51	51	51
e03349-A	e03349-A	1	e03349-A_S356_L001_R1_001.fastq.gz	e03349-A_S356_L001_R2_001.fastq.gz	5148	5148	5085	5085	46	46	0	0	0
e03349-B	e03349-B	1	e03349-B_S451_L001_R1_001.fastq.gz	e03349-B_S451_L001_R2_001.fastq.gz	13617	13617	13433	13433	111	111	2	2	2
e03349-C	e03349-C	1	e03349-C_S546_L001_R1_001.fastq.gz	e03349-C_S546_L001_R2_001.fastq.gz	4817	4817	4748	4748	61	61	8	8	8
e03350-A	e03350-A	1	e03350-A_S361_L001_R1_001.fastq.gz	e03350-A_S361_L001_R2_001.fastq.gz	10048	10048	9922	9922	39	39	4	4	4
e03350-B	e03350-B	1	e03350-B_S456_L001_R1_001.fastq.gz	e03350-B_S456_L001_R2_001.fastq.gz	16060	16060	15897	15897	64	64	0	0	0
e03350-C	e03350-C	1	e03350-C_S551_L001_R1_001.fastq.gz	e03350-C_S551_L001_R2_001.fastq.gz	15561	15561	15371	15371	101	101	0	0	0
NC21-1-A	NC21-1-A	1	NC21-1-A_S15_L001_R1_001.fastq.gz	NC21-1-A_S15_L001_R2_001.fastq.gz	8769	8769	8663	8663	31	31	1	1	1
NC21-1-B	NC21-1-B	1	NC21-1-B_S107_L001_R1_001.fastq.gz	NC21-1-B_S107_L001_R2_001.fastq.gz	7292	7292	7196	7196	32	32	1	1	1
NC21-1-C	NC21-1-C	1	NC21-1-C_S199_L001_R1_001.fastq.gz	NC21-1-C_S199_L001_R2_001.fastq.gz	21276	21276	21041	21041	93	93	0	0	0
NC21-2-A	NC21-2-A	1	NC21-2-A_S29_L001_R1_001.fastq.gz	NC21-2-A_S29_L001_R2_001.fastq.gz	16318	16318	16127	16127	44	44	0	0	0
NC21-2-B	NC21-2-B	1	NC21-2-B_S121_L001_R1_001.fastq.gz	NC21-2-B_S121_L001_R2_001.fastq.gz	12495	12495	12359	12359	57	57	0	0	0
NC21-2-C	NC21-2-C	1	NC21-2-C_S213_L001_R1_001.fastq.gz	NC21-2-C_S213_L001_R2_001.fastq.gz	1288	1288	1269	1269	31	31	0	0	0
NC21-3-A	NC21-3-A	1	NC21-3-A_S55_L001_R1_001.fastq.gz	NC21-3-A_S55_L001_R2_001.fastq.gz	13565	13565	13430	13430	66	66	1	1	1
NC21-3-B	NC21-3-B	1	NC21-3-B_S147_L001_R1_001.fastq.gz	NC21-3-B_S147_L001_R2_001.fastq.gz	3757	3757	3714	3714	25	25	0	0	0
NC21-3-C	NC21-3-C	1	NC21-3-C_S239_L001_R1_001.fastq.gz	NC21-3-C_S239_L001_R2_001.fastq.gz	354	354	348	348	4	4	0	0	0
NC21-4-A	NC21-4-A	1	NC21-4-A_S84_L001_R1_001.fastq.gz	NC21-4-A_S84_L001_R2_001.fastq.gz	75	75	74	74	6	6	0	0	0
NC21-4-B	NC21-4-B	1	NC21-4-B_S176_L001_R1_001.fastq.gz	NC21-4-B_S176_L001_R2_001.fastq.gz	52	52	49	49	12	12	2	2	2
NC21-4-C	NC21-4-C	1	NC21-4-C_S268_L001_R1_001.fastq.gz	NC21-4-C_S268_L001_R2_001.fastq.gz	86	86	83	83	7	7	0	0	0
NC22-1-A	NC22-1-A	1	NC22-1-A_S281_L001_R1_001.fastq.gz	NC22-1-A_S281_L001_R2_001.fastq.gz	10009	10009	9898	9898	36	36	7	7	7
NC22-1-B	NC22-1-B	1	NC22-1-B_S376_L001_R1_001.fastq.gz	NC22-1-B_S376_L001_R2_001.fastq.gz	3676	3676	3624	3624	2116	2116	2084	2084	2084
NC22-1-C	NC22-1-C	1	NC22-1-C_S471_L001_R1_001.fastq.gz	NC22-1-C_S471_L001_R2_001.fastq.gz	24332	24332	24050	24050	120	120	15	15	15
NC22-2-A	NC22-2-A	1	NC22-2-A_S301_L001_R1_001.fastq.gz	NC22-2-A_S301_L001_R2_001.fastq.gz	5249	5249	5206	5206	77	77	40	40	40
NC22-2-B	NC22-2-B	1	NC22-2-B_S396_L001_R1_001.fastq.gz	NC22-2-B_S396_L001_R2_001.fastq.gz	2051	2051	2022	2022	38	38	22	22	22
NC22-2-C	NC22-2-C	1	NC22-2-C_S491_L001_R1_001.fastq.gz	NC22-2-C_S491_L001_R2_001.fastq.gz	20418	20418	20185	20185	316	316	187	186	186
NC22-3-A	NC22-3-A	1	NC22-3-A_S306_L001_R1_001.fastq.gz	NC22-3-A_S306_L001_R2_001.fastq.gz	4002	4002	3942	3942	32	32	2	2	2
NC22-3-B	NC22-3-B	1	NC22-3-B_S401_L001_R1_001.fastq.gz	NC22-3-B_S401_L001_R2_001.fastq.gz	3118	3118	3083	3083	47	47	9	7	7
NC22-3-C	NC22-3-C	1	NC22-3-C_S496_L001_R1_001.fastq.gz	NC22-3-C_S496_L001_R2_001.fastq.gz	23607	23607	23317	23317	179	179	5	5	5
NC22-4-A	NC22-4-A	1	NC22-4-A_S336_L001_R1_001.fastq.gz	NC22-4-A_S336_L001_R2_001.fastq.gz	10308	10308	10184	10184	83	83	21	21	21
NC22-4-B	NC22-4-B	1	NC22-4-B_S431_L001_R1_001.fastq.gz	NC22-4-B_S431_L001_R2_001.fastq.gz	5187	5187	5132	5132	57	57	16	16	16
NC22-4-C	NC22-4-C	1	NC22-4-C_S526_L001_R1_001.fastq.gz	NC22-4-C_S526_L001_R2_001.fastq.gz	11801	11801	11666	11666	165	165	39	39	39
NC22-5-A	NC22-5-A	1	NC22-5-A_S371_L001_R1_001.fastq.gz	NC22-5-A_S371_L001_R2_001.fastq.gz	3900	3900	3868	3868	473	473	433	433	433
NC22-5-B	NC22-5-B	1	NC22-5-B_S466_L001_R1_001.fastq.gz	NC22-5-B_S466_L001_R2_001.fastq.gz	9457	9457	9369	9369	105	105	0	0	0
NC22-5-C	NC22-5-C	1	NC22-5-C_S561_L001_R1_001.fastq.gz	NC22-5-C_S561_L001_R2_001.fastq.gz	3756	3756	3698	3698	74	74	2	2	2
PC21-1-A	PC21-1-A	1	PC21-1-A_S3_L001_R1_001.fastq.gz	PC21-1-A_S3_L001_R2_001.fastq.gz	18500	18500	18231	18231	18067	18067	17987	17987	17987
PC21-1-B	PC21-1-B	1	PC21-1-B_S95_L001_R1_001.fastq.gz	PC21-1-B_S95_L001_R2_001.fastq.gz	15300	15300	15065	15065	14969	14969	14907	14907	14907
PC21-1-C	PC21-1-C	1	PC21-1-C_S187_L001_R1_001.fastq.gz	PC21-1-C_S187_L001_R2_001.fastq.gz	13208	13208	13005	13005	12886	12886	12798	12798	12798
PC21-2-A	PC21-2-A	1	PC21-2-A_S33_L001_R1_001.fastq.gz	PC21-2-A_S33_L001_R2_001.fastq.gz	17931	17931	17648	17648	17444	17444	17374	17374	17374
PC21-2-B	PC21-2-B	1	PC21-2-B_S125_L001_R1_001.fastq.gz	PC21-2-B_S125_L001_R2_001.fastq.gz	42861	42861	42252	42252	41918	41918	41804	41804	41804
PC21-2-C	PC21-2-C	1	PC21-2-C_S217_L001_R1_001.fastq.gz	PC21-2-C_S217_L001_R2_001.fastq.gz	17521	17521	17269	17269	17041	17041	16966	16966	16966
PC21-3-A	PC21-3-A	1	PC21-3-A_S60_L001_R1_001.fastq.gz	PC21-3-A_S60_L001_R2_001.fastq.gz	20847	20847	20515	20515	20289	20289	20149	20149	20149
PC21-3-B	PC21-3-B	1	PC21-3-B_S152_L001_R1_001.fastq.gz	PC21-3-B_S152_L001_R2_001.fastq.gz	8046	8046	7941	7941	7852	7852	7787	7787	7787
PC21-3-C	PC21-3-C	1	PC21-3-C_S244_L001_R1_001.fastq.gz	PC21-3-C_S244_L001_R2_001.fastq.gz	17753	17753	17477	17477	17245	17245	17135	17135	17135
PC21-4-A	PC21-4-A	1	PC21-4-A_S80_L001_R1_001.fastq.gz	PC21-4-A_S80_L001_R2_001.fastq.gz	2274	2274	2241	2241	2173	2173	2155	2155	2155
PC21-4-B	PC21-4-B	1	PC21-4-B_S172_L001_R1_001.fastq.gz	PC21-4-B_S172_L001_R2_001.fastq.gz	8181	8181	8063	8063	7953	7953	7928	7928	7928
PC21-4-C	PC21-4-C	1	PC21-4-C_S264_L001_R1_001.fastq.gz	PC21-4-C_S264_L001_R2_001.fastq.gz	5269	5269	5200	5200	5105	5105	5069	5069	5069
PC22-1-A	PC22-1-A	1	PC22-1-A_S286_L001_R1_001.fastq.gz	PC22-1-A_S286_L001_R2_001.fastq.gz	35163	35163	34684	34684	34476	34476	34384	34384	34384
PC22-1-B	PC22-1-B	1	PC22-1-B_S381_L001_R1_001.fastq.gz	PC22-1-B_S381_L001_R2_001.fastq.gz	19996	19996	19713	19713	19572	19572	19503	19503	19503
PC22-1-C	PC22-1-C	1	PC22-1-C_S476_L001_R1_001.fastq.gz	PC22-1-C_S476_L001_R2_001.fastq.gz	23645	23645	23289	23289	23076	23076	22970	22970	22970
PC22-2-A	PC22-2-A	1	PC22-2-A_S311_L001_R1_001.fastq.gz	PC22-2-A_S311_L001_R2_001.fastq.gz	28143	28143	27739	27739	27507	27507	27412	27412	27412
PC22-2-B	PC22-2-B	1	PC22-2-B_S406_L001_R1_001.fastq.gz	PC22-2-B_S406_L001_R2_001.fastq.gz	23146	23146	22787	22787	22565	22565	22484	22484	22484
PC22-2-C	PC22-2-C	1	PC22-2-C_S501_L001_R1_001.fastq.gz	PC22-2-C_S501_L001_R2_001.fastq.gz	32923	32923	32457	32457	32080	32080	31889	31888	31888
PC22-3-A	PC22-3-A	1	PC22-3-A_S346_L001_R1_001.fastq.gz	PC22-3-A_S346_L001_R2_001.fastq.gz	25775	25775	25417	25417	25267	25267	25215	25215	25215
PC22-3-B	PC22-3-B	1	PC22-3-B_S441_L001_R1_001.fastq.gz	PC22-3-B_S441_L001_R2_001.fastq.gz	19609	19609	19375	19375	19260	19260	19219	19219	19219
PC22-3-C	PC22-3-C	1	PC22-3-C_S536_L001_R1_001.fastq.gz	PC22-3-C_S536_L001_R2_001.fastq.gz	7441	7441	7334	7334	7267	7267	7220	7220	7220
PC22-4-A	PC22-4-A	1	PC22-4-A_S366_L001_R1_001.fastq.gz	PC22-4-A_S366_L001_R2_001.fastq.gz	22603	22603	22290	22290	21906	21906	21837	21837	21837
PC22-4-B	PC22-4-B	1	PC22-4-B_S461_L001_R1_001.fastq.gz	PC22-4-B_S461_L001_R2_001.fastq.gz	27468	27468	27137	27137	26970	26970	26929	26929	26929
PC22-4-C	PC22-4-C	1	PC22-4-C_S556_L001_R1_001.fastq.gz	PC22-4-C_S556_L001_R2_001.fastq.gz	11885	11885	11724	11724	11606	11606	11560	11560	11560
